run,timestep,z_A,fraction
nvt300_fieldZ_scaffold_water,0,-119.0,0.0
nvt300_fieldZ_scaffold_water,0,-117.0,0.0
nvt300_fieldZ_scaffold_water,0,-115.0,3.3333333333333335e-05
nvt300_fieldZ_scaffold_water,0,-113.0,0.0
nvt300_fieldZ_scaffold_water,0,-111.0,0.0
nvt300_fieldZ_scaffold_water,0,-109.0,0.0
nvt300_fieldZ_scaffold_water,0,-107.0,0.0
nvt300_fieldZ_scaffold_water,0,-105.0,0.0
nvt300_fieldZ_scaffold_water,0,-103.0,0.0
nvt300_fieldZ_scaffold_water,0,-101.0,6.666666666666667e-05
nvt300_fieldZ_scaffold_water,0,-99.0,3.3333333333333335e-05
nvt300_fieldZ_scaffold_water,0,-97.0,0.0
nvt300_fieldZ_scaffold_water,0,-95.0,0.0
nvt300_fieldZ_scaffold_water,0,-93.0,0.0001
nvt300_fieldZ_scaffold_water,0,-91.0,0.00016666666666666666
nvt300_fieldZ_scaffold_water,0,-89.0,0.0002666666666666667
nvt300_fieldZ_scaffold_water,0,-87.0,0.0003333333333333333
nvt300_fieldZ_scaffold_water,0,-85.0,0.0005333333333333334
nvt300_fieldZ_scaffold_water,0,-83.0,0.0008333333333333334
nvt300_fieldZ_scaffold_water,0,-81.0,0.0015666666666666667
nvt300_fieldZ_scaffold_water,0,-79.0,0.0029666666666666665
nvt300_fieldZ_scaffold_water,0,-77.0,0.0053
nvt300_fieldZ_scaffold_water,0,-75.0,0.0096
nvt300_fieldZ_scaffold_water,0,-73.0,0.013166666666666667
nvt300_fieldZ_scaffold_water,0,-71.0,0.016533333333333334
nvt300_fieldZ_scaffold_water,0,-69.0,0.016733333333333333
nvt300_fieldZ_scaffold_water,0,-67.0,0.014766666666666668
nvt300_fieldZ_scaffold_water,0,-65.0,0.013866666666666666
nvt300_fieldZ_scaffold_water,0,-63.0,0.0144
nvt300_fieldZ_scaffold_water,0,-61.0,0.012666666666666666
nvt300_fieldZ_scaffold_water,0,-59.0,0.014
nvt300_fieldZ_scaffold_water,0,-57.0,0.0145
nvt300_fieldZ_scaffold_water,0,-55.0,0.0144
nvt300_fieldZ_scaffold_water,0,-53.0,0.014133333333333333
nvt300_fieldZ_scaffold_water,0,-51.0,0.012433333333333333
nvt300_fieldZ_scaffold_water,0,-49.0,0.0132
nvt300_fieldZ_scaffold_water,0,-47.0,0.012666666666666666
nvt300_fieldZ_scaffold_water,0,-45.0,0.013766666666666667
nvt300_fieldZ_scaffold_water,0,-43.0,0.0132
nvt300_fieldZ_scaffold_water,0,-41.0,0.012433333333333333
nvt300_fieldZ_scaffold_water,0,-39.0,0.012033333333333333
nvt300_fieldZ_scaffold_water,0,-37.0,0.012666666666666666
nvt300_fieldZ_scaffold_water,0,-35.0,0.0121
nvt300_fieldZ_scaffold_water,0,-33.0,0.0121
nvt300_fieldZ_scaffold_water,0,-31.0,0.011
nvt300_fieldZ_scaffold_water,0,-29.0,0.012433333333333333
nvt300_fieldZ_scaffold_water,0,-27.0,0.012866666666666667
nvt300_fieldZ_scaffold_water,0,-25.0,0.0137
nvt300_fieldZ_scaffold_water,0,-23.0,0.012466666666666666
nvt300_fieldZ_scaffold_water,0,-21.0,0.012866666666666667
nvt300_fieldZ_scaffold_water,0,-19.0,0.011733333333333333
nvt300_fieldZ_scaffold_water,0,-17.0,0.013066666666666667
nvt300_fieldZ_scaffold_water,0,-15.0,0.0115
nvt300_fieldZ_scaffold_water,0,-13.0,0.011633333333333334
nvt300_fieldZ_scaffold_water,0,-11.0,0.011866666666666666
nvt300_fieldZ_scaffold_water,0,-9.0,0.010833333333333334
nvt300_fieldZ_scaffold_water,0,-7.0,0.0123
nvt300_fieldZ_scaffold_water,0,-5.0,0.012233333333333334
nvt300_fieldZ_scaffold_water,0,-3.0,0.012166666666666666
nvt300_fieldZ_scaffold_water,0,-1.0,0.012133333333333333
nvt300_fieldZ_scaffold_water,0,1.0,0.011933333333333334
nvt300_fieldZ_scaffold_water,0,3.0,0.0123
nvt300_fieldZ_scaffold_water,0,5.0,0.012866666666666667
nvt300_fieldZ_scaffold_water,0,7.0,0.0114
nvt300_fieldZ_scaffold_water,0,9.0,0.0118
nvt300_fieldZ_scaffold_water,0,11.0,0.012233333333333334
nvt300_fieldZ_scaffold_water,0,13.0,0.012533333333333334
nvt300_fieldZ_scaffold_water,0,15.0,0.012566666666666667
nvt300_fieldZ_scaffold_water,0,17.0,0.013166666666666667
nvt300_fieldZ_scaffold_water,0,19.0,0.011433333333333334
nvt300_fieldZ_scaffold_water,0,21.0,0.011366666666666667
nvt300_fieldZ_scaffold_water,0,23.0,0.0108
nvt300_fieldZ_scaffold_water,0,25.0,0.0122
nvt300_fieldZ_scaffold_water,0,27.0,0.012566666666666667
nvt300_fieldZ_scaffold_water,0,29.0,0.0133
nvt300_fieldZ_scaffold_water,0,31.0,0.0132
nvt300_fieldZ_scaffold_water,0,33.0,0.0123
nvt300_fieldZ_scaffold_water,0,35.0,0.011666666666666667
nvt300_fieldZ_scaffold_water,0,37.0,0.013
nvt300_fieldZ_scaffold_water,0,39.0,0.011966666666666667
nvt300_fieldZ_scaffold_water,0,41.0,0.0123
nvt300_fieldZ_scaffold_water,0,43.0,0.012033333333333333
nvt300_fieldZ_scaffold_water,0,45.0,0.0125
nvt300_fieldZ_scaffold_water,0,47.0,0.0133
nvt300_fieldZ_scaffold_water,0,49.0,0.0143
nvt300_fieldZ_scaffold_water,0,51.0,0.013033333333333333
nvt300_fieldZ_scaffold_water,0,53.0,0.0122
nvt300_fieldZ_scaffold_water,0,55.0,0.014466666666666666
nvt300_fieldZ_scaffold_water,0,57.0,0.014366666666666666
nvt300_fieldZ_scaffold_water,0,59.0,0.014033333333333333
nvt300_fieldZ_scaffold_water,0,61.0,0.0131
nvt300_fieldZ_scaffold_water,0,63.0,0.013633333333333334
nvt300_fieldZ_scaffold_water,0,65.0,0.014966666666666666
nvt300_fieldZ_scaffold_water,0,67.0,0.015
nvt300_fieldZ_scaffold_water,0,69.0,0.016166666666666666
nvt300_fieldZ_scaffold_water,0,71.0,0.013633333333333334
nvt300_fieldZ_scaffold_water,0,73.0,0.013266666666666666
nvt300_fieldZ_scaffold_water,0,75.0,0.009933333333333334
nvt300_fieldZ_scaffold_water,0,77.0,0.005966666666666667
nvt300_fieldZ_scaffold_water,0,79.0,0.002766666666666667
nvt300_fieldZ_scaffold_water,0,81.0,0.0009333333333333333
nvt300_fieldZ_scaffold_water,0,83.0,0.00046666666666666666
nvt300_fieldZ_scaffold_water,0,85.0,0.0002
nvt300_fieldZ_scaffold_water,0,87.0,0.0001
nvt300_fieldZ_scaffold_water,0,89.0,3.3333333333333335e-05
nvt300_fieldZ_scaffold_water,0,91.0,0.00013333333333333334
nvt300_fieldZ_scaffold_water,0,93.0,6.666666666666667e-05
nvt300_fieldZ_scaffold_water,0,95.0,0.0001
nvt300_fieldZ_scaffold_water,0,97.0,0.0
nvt300_fieldZ_scaffold_water,0,99.0,0.0
nvt300_fieldZ_scaffold_water,0,101.0,3.3333333333333335e-05
nvt300_fieldZ_scaffold_water,0,103.0,0.0
nvt300_fieldZ_scaffold_water,0,105.0,0.0
nvt300_fieldZ_scaffold_water,0,107.0,0.0
nvt300_fieldZ_scaffold_water,0,109.0,0.0
nvt300_fieldZ_scaffold_water,0,111.0,0.0
nvt300_fieldZ_scaffold_water,0,113.0,0.0
nvt300_fieldZ_scaffold_water,0,115.0,0.0
nvt300_fieldZ_scaffold_water,0,117.0,0.0
nvt300_fieldZ_scaffold_water,0,119.0,0.0
nvt300_fieldZ_scaffold_water,1000,-119.0,0.0
nvt300_fieldZ_scaffold_water,1000,-117.0,0.0
nvt300_fieldZ_scaffold_water,1000,-115.0,3.3333333333333335e-05
nvt300_fieldZ_scaffold_water,1000,-113.0,0.0
nvt300_fieldZ_scaffold_water,1000,-111.0,0.0
nvt300_fieldZ_scaffold_water,1000,-109.0,0.0
nvt300_fieldZ_scaffold_water,1000,-107.0,0.0
nvt300_fieldZ_scaffold_water,1000,-105.0,0.0
nvt300_fieldZ_scaffold_water,1000,-103.0,0.0
nvt300_fieldZ_scaffold_water,1000,-101.0,0.0001
nvt300_fieldZ_scaffold_water,1000,-99.0,0.0
nvt300_fieldZ_scaffold_water,1000,-97.0,0.0
nvt300_fieldZ_scaffold_water,1000,-95.0,0.0
nvt300_fieldZ_scaffold_water,1000,-93.0,0.00013333333333333334
nvt300_fieldZ_scaffold_water,1000,-91.0,0.00016666666666666666
nvt300_fieldZ_scaffold_water,1000,-89.0,0.00023333333333333333
nvt300_fieldZ_scaffold_water,1000,-87.0,0.0004
nvt300_fieldZ_scaffold_water,1000,-85.0,0.0005
nvt300_fieldZ_scaffold_water,1000,-83.0,0.0009
nvt300_fieldZ_scaffold_water,1000,-81.0,0.0014333333333333333
nvt300_fieldZ_scaffold_water,1000,-79.0,0.0026333333333333334
nvt300_fieldZ_scaffold_water,1000,-77.0,0.005166666666666667
nvt300_fieldZ_scaffold_water,1000,-75.0,0.0097
nvt300_fieldZ_scaffold_water,1000,-73.0,0.012866666666666667
nvt300_fieldZ_scaffold_water,1000,-71.0,0.016633333333333333
nvt300_fieldZ_scaffold_water,1000,-69.0,0.0168
nvt300_fieldZ_scaffold_water,1000,-67.0,0.0146
nvt300_fieldZ_scaffold_water,1000,-65.0,0.013733333333333334
nvt300_fieldZ_scaffold_water,1000,-63.0,0.014433333333333333
nvt300_fieldZ_scaffold_water,1000,-61.0,0.012566666666666667
nvt300_fieldZ_scaffold_water,1000,-59.0,0.0141
nvt300_fieldZ_scaffold_water,1000,-57.0,0.014666666666666666
nvt300_fieldZ_scaffold_water,1000,-55.0,0.0146
nvt300_fieldZ_scaffold_water,1000,-53.0,0.014033333333333333
nvt300_fieldZ_scaffold_water,1000,-51.0,0.0124
nvt300_fieldZ_scaffold_water,1000,-49.0,0.013633333333333334
nvt300_fieldZ_scaffold_water,1000,-47.0,0.0124
nvt300_fieldZ_scaffold_water,1000,-45.0,0.013633333333333334
nvt300_fieldZ_scaffold_water,1000,-43.0,0.0134
nvt300_fieldZ_scaffold_water,1000,-41.0,0.012366666666666666
nvt300_fieldZ_scaffold_water,1000,-39.0,0.012433333333333333
nvt300_fieldZ_scaffold_water,1000,-37.0,0.012133333333333333
nvt300_fieldZ_scaffold_water,1000,-35.0,0.0123
nvt300_fieldZ_scaffold_water,1000,-33.0,0.0125
nvt300_fieldZ_scaffold_water,1000,-31.0,0.011066666666666667
nvt300_fieldZ_scaffold_water,1000,-29.0,0.0122
nvt300_fieldZ_scaffold_water,1000,-27.0,0.012866666666666667
nvt300_fieldZ_scaffold_water,1000,-25.0,0.013966666666666667
nvt300_fieldZ_scaffold_water,1000,-23.0,0.012266666666666667
nvt300_fieldZ_scaffold_water,1000,-21.0,0.012766666666666667
nvt300_fieldZ_scaffold_water,1000,-19.0,0.011666666666666667
nvt300_fieldZ_scaffold_water,1000,-17.0,0.0131
nvt300_fieldZ_scaffold_water,1000,-15.0,0.012033333333333333
nvt300_fieldZ_scaffold_water,1000,-13.0,0.0112
nvt300_fieldZ_scaffold_water,1000,-11.0,0.0118
nvt300_fieldZ_scaffold_water,1000,-9.0,0.0109
nvt300_fieldZ_scaffold_water,1000,-7.0,0.012733333333333333
nvt300_fieldZ_scaffold_water,1000,-5.0,0.011733333333333333
nvt300_fieldZ_scaffold_water,1000,-3.0,0.0122
nvt300_fieldZ_scaffold_water,1000,-1.0,0.012266666666666667
nvt300_fieldZ_scaffold_water,1000,1.0,0.011866666666666666
nvt300_fieldZ_scaffold_water,1000,3.0,0.0127
nvt300_fieldZ_scaffold_water,1000,5.0,0.0122
nvt300_fieldZ_scaffold_water,1000,7.0,0.011266666666666666
nvt300_fieldZ_scaffold_water,1000,9.0,0.012533333333333334
nvt300_fieldZ_scaffold_water,1000,11.0,0.012233333333333334
nvt300_fieldZ_scaffold_water,1000,13.0,0.012933333333333333
nvt300_fieldZ_scaffold_water,1000,15.0,0.011966666666666667
nvt300_fieldZ_scaffold_water,1000,17.0,0.013366666666666667
nvt300_fieldZ_scaffold_water,1000,19.0,0.0114
nvt300_fieldZ_scaffold_water,1000,21.0,0.011233333333333333
nvt300_fieldZ_scaffold_water,1000,23.0,0.0108
nvt300_fieldZ_scaffold_water,1000,25.0,0.012166666666666666
nvt300_fieldZ_scaffold_water,1000,27.0,0.012966666666666666
nvt300_fieldZ_scaffold_water,1000,29.0,0.013366666666666667
nvt300_fieldZ_scaffold_water,1000,31.0,0.0129
nvt300_fieldZ_scaffold_water,1000,33.0,0.012
nvt300_fieldZ_scaffold_water,1000,35.0,0.012066666666666667
nvt300_fieldZ_scaffold_water,1000,37.0,0.013033333333333333
nvt300_fieldZ_scaffold_water,1000,39.0,0.012
nvt300_fieldZ_scaffold_water,1000,41.0,0.012266666666666667
nvt300_fieldZ_scaffold_water,1000,43.0,0.011866666666666666
nvt300_fieldZ_scaffold_water,1000,45.0,0.012466666666666666
nvt300_fieldZ_scaffold_water,1000,47.0,0.013966666666666667
nvt300_fieldZ_scaffold_water,1000,49.0,0.014166666666666666
nvt300_fieldZ_scaffold_water,1000,51.0,0.012566666666666667
nvt300_fieldZ_scaffold_water,1000,53.0,0.013233333333333333
nvt300_fieldZ_scaffold_water,1000,55.0,0.0137
nvt300_fieldZ_scaffold_water,1000,57.0,0.014733333333333333
nvt300_fieldZ_scaffold_water,1000,59.0,0.013633333333333334
nvt300_fieldZ_scaffold_water,1000,61.0,0.0132
nvt300_fieldZ_scaffold_water,1000,63.0,0.0139
nvt300_fieldZ_scaffold_water,1000,65.0,0.014833333333333334
nvt300_fieldZ_scaffold_water,1000,67.0,0.015666666666666666
nvt300_fieldZ_scaffold_water,1000,69.0,0.0158
nvt300_fieldZ_scaffold_water,1000,71.0,0.0137
nvt300_fieldZ_scaffold_water,1000,73.0,0.0127
nvt300_fieldZ_scaffold_water,1000,75.0,0.009866666666666666
nvt300_fieldZ_scaffold_water,1000,77.0,0.0056
nvt300_fieldZ_scaffold_water,1000,79.0,0.002766666666666667
nvt300_fieldZ_scaffold_water,1000,81.0,0.0009
nvt300_fieldZ_scaffold_water,1000,83.0,0.0004
nvt300_fieldZ_scaffold_water,1000,85.0,0.0002
nvt300_fieldZ_scaffold_water,1000,87.0,6.666666666666667e-05
nvt300_fieldZ_scaffold_water,1000,89.0,3.3333333333333335e-05
nvt300_fieldZ_scaffold_water,1000,91.0,0.00016666666666666666
nvt300_fieldZ_scaffold_water,1000,93.0,6.666666666666667e-05
nvt300_fieldZ_scaffold_water,1000,95.0,0.0001
nvt300_fieldZ_scaffold_water,1000,97.0,0.0
nvt300_fieldZ_scaffold_water,1000,99.0,0.0
nvt300_fieldZ_scaffold_water,1000,101.0,3.3333333333333335e-05
nvt300_fieldZ_scaffold_water,1000,103.0,0.0
nvt300_fieldZ_scaffold_water,1000,105.0,0.0
nvt300_fieldZ_scaffold_water,1000,107.0,0.0
nvt300_fieldZ_scaffold_water,1000,109.0,0.0
nvt300_fieldZ_scaffold_water,1000,111.0,0.0
nvt300_fieldZ_scaffold_water,1000,113.0,0.0
nvt300_fieldZ_scaffold_water,1000,115.0,0.0
nvt300_fieldZ_scaffold_water,1000,117.0,0.0
nvt300_fieldZ_scaffold_water,1000,119.0,0.0
nvt300_fieldZ_scaffold_water,2000,-119.0,0.0
nvt300_fieldZ_scaffold_water,2000,-117.0,0.0
nvt300_fieldZ_scaffold_water,2000,-115.0,0.0
nvt300_fieldZ_scaffold_water,2000,-113.0,3.3333333333333335e-05
nvt300_fieldZ_scaffold_water,2000,-111.0,0.0
nvt300_fieldZ_scaffold_water,2000,-109.0,0.0
nvt300_fieldZ_scaffold_water,2000,-107.0,0.0
nvt300_fieldZ_scaffold_water,2000,-105.0,0.0
nvt300_fieldZ_scaffold_water,2000,-103.0,0.0
nvt300_fieldZ_scaffold_water,2000,-101.0,0.0001
nvt300_fieldZ_scaffold_water,2000,-99.0,0.0
nvt300_fieldZ_scaffold_water,2000,-97.0,0.0
nvt300_fieldZ_scaffold_water,2000,-95.0,0.0
nvt300_fieldZ_scaffold_water,2000,-93.0,0.00016666666666666666
nvt300_fieldZ_scaffold_water,2000,-91.0,0.00016666666666666666
nvt300_fieldZ_scaffold_water,2000,-89.0,0.0002
nvt300_fieldZ_scaffold_water,2000,-87.0,0.0002666666666666667
nvt300_fieldZ_scaffold_water,2000,-85.0,0.0006333333333333333
nvt300_fieldZ_scaffold_water,2000,-83.0,0.0008666666666666666
nvt300_fieldZ_scaffold_water,2000,-81.0,0.0016
nvt300_fieldZ_scaffold_water,2000,-79.0,0.0023
nvt300_fieldZ_scaffold_water,2000,-77.0,0.005033333333333333
nvt300_fieldZ_scaffold_water,2000,-75.0,0.009333333333333334
nvt300_fieldZ_scaffold_water,2000,-73.0,0.0125
nvt300_fieldZ_scaffold_water,2000,-71.0,0.017233333333333333
nvt300_fieldZ_scaffold_water,2000,-69.0,0.016266666666666665
nvt300_fieldZ_scaffold_water,2000,-67.0,0.014966666666666666
nvt300_fieldZ_scaffold_water,2000,-65.0,0.013966666666666667
nvt300_fieldZ_scaffold_water,2000,-63.0,0.014133333333333333
nvt300_fieldZ_scaffold_water,2000,-61.0,0.0128
nvt300_fieldZ_scaffold_water,2000,-59.0,0.0136
nvt300_fieldZ_scaffold_water,2000,-57.0,0.0151
nvt300_fieldZ_scaffold_water,2000,-55.0,0.014233333333333334
nvt300_fieldZ_scaffold_water,2000,-53.0,0.0144
nvt300_fieldZ_scaffold_water,2000,-51.0,0.0127
nvt300_fieldZ_scaffold_water,2000,-49.0,0.013533333333333333
nvt300_fieldZ_scaffold_water,2000,-47.0,0.012566666666666667
nvt300_fieldZ_scaffold_water,2000,-45.0,0.013666666666666667
nvt300_fieldZ_scaffold_water,2000,-43.0,0.0128
nvt300_fieldZ_scaffold_water,2000,-41.0,0.0126
nvt300_fieldZ_scaffold_water,2000,-39.0,0.0129
nvt300_fieldZ_scaffold_water,2000,-37.0,0.012166666666666666
nvt300_fieldZ_scaffold_water,2000,-35.0,0.012066666666666667
nvt300_fieldZ_scaffold_water,2000,-33.0,0.012333333333333333
nvt300_fieldZ_scaffold_water,2000,-31.0,0.0113
nvt300_fieldZ_scaffold_water,2000,-29.0,0.012233333333333334
nvt300_fieldZ_scaffold_water,2000,-27.0,0.013
nvt300_fieldZ_scaffold_water,2000,-25.0,0.013633333333333334
nvt300_fieldZ_scaffold_water,2000,-23.0,0.012
nvt300_fieldZ_scaffold_water,2000,-21.0,0.0132
nvt300_fieldZ_scaffold_water,2000,-19.0,0.0119
nvt300_fieldZ_scaffold_water,2000,-17.0,0.0128
nvt300_fieldZ_scaffold_water,2000,-15.0,0.012066666666666667
nvt300_fieldZ_scaffold_water,2000,-13.0,0.011233333333333333
nvt300_fieldZ_scaffold_water,2000,-11.0,0.011866666666666666
nvt300_fieldZ_scaffold_water,2000,-9.0,0.011033333333333332
nvt300_fieldZ_scaffold_water,2000,-7.0,0.012566666666666667
nvt300_fieldZ_scaffold_water,2000,-5.0,0.012033333333333333
nvt300_fieldZ_scaffold_water,2000,-3.0,0.012066666666666667
nvt300_fieldZ_scaffold_water,2000,-1.0,0.012366666666666666
nvt300_fieldZ_scaffold_water,2000,1.0,0.011866666666666666
nvt300_fieldZ_scaffold_water,2000,3.0,0.012333333333333333
nvt300_fieldZ_scaffold_water,2000,5.0,0.0124
nvt300_fieldZ_scaffold_water,2000,7.0,0.0109
nvt300_fieldZ_scaffold_water,2000,9.0,0.012433333333333333
nvt300_fieldZ_scaffold_water,2000,11.0,0.0127
nvt300_fieldZ_scaffold_water,2000,13.0,0.012933333333333333
nvt300_fieldZ_scaffold_water,2000,15.0,0.012166666666666666
nvt300_fieldZ_scaffold_water,2000,17.0,0.013166666666666667
nvt300_fieldZ_scaffold_water,2000,19.0,0.011666666666666667
nvt300_fieldZ_scaffold_water,2000,21.0,0.0115
nvt300_fieldZ_scaffold_water,2000,23.0,0.010766666666666667
nvt300_fieldZ_scaffold_water,2000,25.0,0.012266666666666667
nvt300_fieldZ_scaffold_water,2000,27.0,0.012533333333333334
nvt300_fieldZ_scaffold_water,2000,29.0,0.013133333333333334
nvt300_fieldZ_scaffold_water,2000,31.0,0.013066666666666667
nvt300_fieldZ_scaffold_water,2000,33.0,0.012133333333333333
nvt300_fieldZ_scaffold_water,2000,35.0,0.012233333333333334
nvt300_fieldZ_scaffold_water,2000,37.0,0.013633333333333334
nvt300_fieldZ_scaffold_water,2000,39.0,0.011333333333333334
nvt300_fieldZ_scaffold_water,2000,41.0,0.012333333333333333
nvt300_fieldZ_scaffold_water,2000,43.0,0.012133333333333333
nvt300_fieldZ_scaffold_water,2000,45.0,0.012066666666666667
nvt300_fieldZ_scaffold_water,2000,47.0,0.014433333333333333
nvt300_fieldZ_scaffold_water,2000,49.0,0.013633333333333334
nvt300_fieldZ_scaffold_water,2000,51.0,0.012866666666666667
nvt300_fieldZ_scaffold_water,2000,53.0,0.013033333333333333
nvt300_fieldZ_scaffold_water,2000,55.0,0.013966666666666667
nvt300_fieldZ_scaffold_water,2000,57.0,0.015
nvt300_fieldZ_scaffold_water,2000,59.0,0.0135
nvt300_fieldZ_scaffold_water,2000,61.0,0.0135
nvt300_fieldZ_scaffold_water,2000,63.0,0.013566666666666666
nvt300_fieldZ_scaffold_water,2000,65.0,0.014933333333333333
nvt300_fieldZ_scaffold_water,2000,67.0,0.016133333333333333
nvt300_fieldZ_scaffold_water,2000,69.0,0.0154
nvt300_fieldZ_scaffold_water,2000,71.0,0.014033333333333333
nvt300_fieldZ_scaffold_water,2000,73.0,0.0119
nvt300_fieldZ_scaffold_water,2000,75.0,0.01
nvt300_fieldZ_scaffold_water,2000,77.0,0.005333333333333333
nvt300_fieldZ_scaffold_water,2000,79.0,0.0025666666666666667
nvt300_fieldZ_scaffold_water,2000,81.0,0.0009
nvt300_fieldZ_scaffold_water,2000,83.0,0.0004
nvt300_fieldZ_scaffold_water,2000,85.0,0.0002
nvt300_fieldZ_scaffold_water,2000,87.0,6.666666666666667e-05
nvt300_fieldZ_scaffold_water,2000,89.0,6.666666666666667e-05
nvt300_fieldZ_scaffold_water,2000,91.0,0.00013333333333333334
nvt300_fieldZ_scaffold_water,2000,93.0,6.666666666666667e-05
nvt300_fieldZ_scaffold_water,2000,95.0,0.0001
nvt300_fieldZ_scaffold_water,2000,97.0,0.0
nvt300_fieldZ_scaffold_water,2000,99.0,0.0
nvt300_fieldZ_scaffold_water,2000,101.0,0.0
nvt300_fieldZ_scaffold_water,2000,103.0,3.3333333333333335e-05
nvt300_fieldZ_scaffold_water,2000,105.0,0.0
nvt300_fieldZ_scaffold_water,2000,107.0,0.0
nvt300_fieldZ_scaffold_water,2000,109.0,0.0
nvt300_fieldZ_scaffold_water,2000,111.0,0.0
nvt300_fieldZ_scaffold_water,2000,113.0,0.0
nvt300_fieldZ_scaffold_water,2000,115.0,0.0
nvt300_fieldZ_scaffold_water,2000,117.0,0.0
nvt300_fieldZ_scaffold_water,2000,119.0,0.0
nvt300_fieldZ_scaffold_water,3000,-119.0,0.0
nvt300_fieldZ_scaffold_water,3000,-117.0,0.0
nvt300_fieldZ_scaffold_water,3000,-115.0,0.0
nvt300_fieldZ_scaffold_water,3000,-113.0,3.3333333333333335e-05
nvt300_fieldZ_scaffold_water,3000,-111.0,0.0
nvt300_fieldZ_scaffold_water,3000,-109.0,0.0
nvt300_fieldZ_scaffold_water,3000,-107.0,0.0
nvt300_fieldZ_scaffold_water,3000,-105.0,0.0
nvt300_fieldZ_scaffold_water,3000,-103.0,0.0
nvt300_fieldZ_scaffold_water,3000,-101.0,0.0001
nvt300_fieldZ_scaffold_water,3000,-99.0,0.0
nvt300_fieldZ_scaffold_water,3000,-97.0,0.0
nvt300_fieldZ_scaffold_water,3000,-95.0,0.0
nvt300_fieldZ_scaffold_water,3000,-93.0,0.00016666666666666666
nvt300_fieldZ_scaffold_water,3000,-91.0,0.00023333333333333333
nvt300_fieldZ_scaffold_water,3000,-89.0,0.00013333333333333334
nvt300_fieldZ_scaffold_water,3000,-87.0,0.0002666666666666667
nvt300_fieldZ_scaffold_water,3000,-85.0,0.0006
nvt300_fieldZ_scaffold_water,3000,-83.0,0.0008333333333333334
nvt300_fieldZ_scaffold_water,3000,-81.0,0.0016
nvt300_fieldZ_scaffold_water,3000,-79.0,0.0022333333333333333
nvt300_fieldZ_scaffold_water,3000,-77.0,0.004833333333333334
nvt300_fieldZ_scaffold_water,3000,-75.0,0.008766666666666667
nvt300_fieldZ_scaffold_water,3000,-73.0,0.0126
nvt300_fieldZ_scaffold_water,3000,-71.0,0.017366666666666666
nvt300_fieldZ_scaffold_water,3000,-69.0,0.015733333333333332
nvt300_fieldZ_scaffold_water,3000,-67.0,0.015366666666666667
nvt300_fieldZ_scaffold_water,3000,-65.0,0.014033333333333333
nvt300_fieldZ_scaffold_water,3000,-63.0,0.0142
nvt300_fieldZ_scaffold_water,3000,-61.0,0.012866666666666667
nvt300_fieldZ_scaffold_water,3000,-59.0,0.014
nvt300_fieldZ_scaffold_water,3000,-57.0,0.0147
nvt300_fieldZ_scaffold_water,3000,-55.0,0.014266666666666667
nvt300_fieldZ_scaffold_water,3000,-53.0,0.0146
nvt300_fieldZ_scaffold_water,3000,-51.0,0.0131
nvt300_fieldZ_scaffold_water,3000,-49.0,0.013033333333333333
nvt300_fieldZ_scaffold_water,3000,-47.0,0.012733333333333333
nvt300_fieldZ_scaffold_water,3000,-45.0,0.013133333333333334
nvt300_fieldZ_scaffold_water,3000,-43.0,0.013233333333333333
nvt300_fieldZ_scaffold_water,3000,-41.0,0.0127
nvt300_fieldZ_scaffold_water,3000,-39.0,0.013033333333333333
nvt300_fieldZ_scaffold_water,3000,-37.0,0.0124
nvt300_fieldZ_scaffold_water,3000,-35.0,0.0117
nvt300_fieldZ_scaffold_water,3000,-33.0,0.0123
nvt300_fieldZ_scaffold_water,3000,-31.0,0.0113
nvt300_fieldZ_scaffold_water,3000,-29.0,0.012
nvt300_fieldZ_scaffold_water,3000,-27.0,0.013466666666666667
nvt300_fieldZ_scaffold_water,3000,-25.0,0.013233333333333333
nvt300_fieldZ_scaffold_water,3000,-23.0,0.012566666666666667
nvt300_fieldZ_scaffold_water,3000,-21.0,0.012933333333333333
nvt300_fieldZ_scaffold_water,3000,-19.0,0.012133333333333333
nvt300_fieldZ_scaffold_water,3000,-17.0,0.012966666666666666
nvt300_fieldZ_scaffold_water,3000,-15.0,0.011633333333333334
nvt300_fieldZ_scaffold_water,3000,-13.0,0.0115
nvt300_fieldZ_scaffold_water,3000,-11.0,0.011633333333333334
nvt300_fieldZ_scaffold_water,3000,-9.0,0.0112
nvt300_fieldZ_scaffold_water,3000,-7.0,0.0122
nvt300_fieldZ_scaffold_water,3000,-5.0,0.0122
nvt300_fieldZ_scaffold_water,3000,-3.0,0.0121
nvt300_fieldZ_scaffold_water,3000,-1.0,0.012366666666666666
nvt300_fieldZ_scaffold_water,3000,1.0,0.0123
nvt300_fieldZ_scaffold_water,3000,3.0,0.012133333333333333
nvt300_fieldZ_scaffold_water,3000,5.0,0.012466666666666666
nvt300_fieldZ_scaffold_water,3000,7.0,0.011133333333333334
nvt300_fieldZ_scaffold_water,3000,9.0,0.0124
nvt300_fieldZ_scaffold_water,3000,11.0,0.012833333333333334
nvt300_fieldZ_scaffold_water,3000,13.0,0.012233333333333334
nvt300_fieldZ_scaffold_water,3000,15.0,0.0129
nvt300_fieldZ_scaffold_water,3000,17.0,0.0127
nvt300_fieldZ_scaffold_water,3000,19.0,0.011666666666666667
nvt300_fieldZ_scaffold_water,3000,21.0,0.011733333333333333
nvt300_fieldZ_scaffold_water,3000,23.0,0.010866666666666667
nvt300_fieldZ_scaffold_water,3000,25.0,0.012033333333333333
nvt300_fieldZ_scaffold_water,3000,27.0,0.013
nvt300_fieldZ_scaffold_water,3000,29.0,0.013166666666666667
nvt300_fieldZ_scaffold_water,3000,31.0,0.012866666666666667
nvt300_fieldZ_scaffold_water,3000,33.0,0.0123
nvt300_fieldZ_scaffold_water,3000,35.0,0.012433333333333333
nvt300_fieldZ_scaffold_water,3000,37.0,0.013
nvt300_fieldZ_scaffold_water,3000,39.0,0.011966666666666667
nvt300_fieldZ_scaffold_water,3000,41.0,0.011566666666666666
nvt300_fieldZ_scaffold_water,3000,43.0,0.0126
nvt300_fieldZ_scaffold_water,3000,45.0,0.0126
nvt300_fieldZ_scaffold_water,3000,47.0,0.013766666666666667
nvt300_fieldZ_scaffold_water,3000,49.0,0.014266666666666667
nvt300_fieldZ_scaffold_water,3000,51.0,0.012566666666666667
nvt300_fieldZ_scaffold_water,3000,53.0,0.012566666666666667
nvt300_fieldZ_scaffold_water,3000,55.0,0.014633333333333333
nvt300_fieldZ_scaffold_water,3000,57.0,0.0146
nvt300_fieldZ_scaffold_water,3000,59.0,0.013466666666666667
nvt300_fieldZ_scaffold_water,3000,61.0,0.013633333333333334
nvt300_fieldZ_scaffold_water,3000,63.0,0.0136
nvt300_fieldZ_scaffold_water,3000,65.0,0.015166666666666667
nvt300_fieldZ_scaffold_water,3000,67.0,0.0156
nvt300_fieldZ_scaffold_water,3000,69.0,0.015866666666666668
nvt300_fieldZ_scaffold_water,3000,71.0,0.0139
nvt300_fieldZ_scaffold_water,3000,73.0,0.0121
nvt300_fieldZ_scaffold_water,3000,75.0,0.009233333333333333
nvt300_fieldZ_scaffold_water,3000,77.0,0.005433333333333333
nvt300_fieldZ_scaffold_water,3000,79.0,0.0024
nvt300_fieldZ_scaffold_water,3000,81.0,0.0009
nvt300_fieldZ_scaffold_water,3000,83.0,0.0004
nvt300_fieldZ_scaffold_water,3000,85.0,0.0002
nvt300_fieldZ_scaffold_water,3000,87.0,6.666666666666667e-05
nvt300_fieldZ_scaffold_water,3000,89.0,0.0001
nvt300_fieldZ_scaffold_water,3000,91.0,0.0001
nvt300_fieldZ_scaffold_water,3000,93.0,6.666666666666667e-05
nvt300_fieldZ_scaffold_water,3000,95.0,0.0001
nvt300_fieldZ_scaffold_water,3000,97.0,0.0
nvt300_fieldZ_scaffold_water,3000,99.0,0.0
nvt300_fieldZ_scaffold_water,3000,101.0,3.3333333333333335e-05
nvt300_fieldZ_scaffold_water,3000,103.0,0.0
nvt300_fieldZ_scaffold_water,3000,105.0,0.0
nvt300_fieldZ_scaffold_water,3000,107.0,0.0
nvt300_fieldZ_scaffold_water,3000,109.0,0.0
nvt300_fieldZ_scaffold_water,3000,111.0,0.0
nvt300_fieldZ_scaffold_water,3000,113.0,0.0
nvt300_fieldZ_scaffold_water,3000,115.0,0.0
nvt300_fieldZ_scaffold_water,3000,117.0,0.0
nvt300_fieldZ_scaffold_water,3000,119.0,0.0
nvt300_fieldZ_scaffold_water,4000,-119.0,0.0
nvt300_fieldZ_scaffold_water,4000,-117.0,0.0
nvt300_fieldZ_scaffold_water,4000,-115.0,0.0
nvt300_fieldZ_scaffold_water,4000,-113.0,3.3333333333333335e-05
nvt300_fieldZ_scaffold_water,4000,-111.0,0.0
nvt300_fieldZ_scaffold_water,4000,-109.0,0.0
nvt300_fieldZ_scaffold_water,4000,-107.0,0.0
nvt300_fieldZ_scaffold_water,4000,-105.0,0.0
nvt300_fieldZ_scaffold_water,4000,-103.0,3.3333333333333335e-05
nvt300_fieldZ_scaffold_water,4000,-101.0,6.666666666666667e-05
nvt300_fieldZ_scaffold_water,4000,-99.0,0.0
nvt300_fieldZ_scaffold_water,4000,-97.0,0.0
nvt300_fieldZ_scaffold_water,4000,-95.0,6.666666666666667e-05
nvt300_fieldZ_scaffold_water,4000,-93.0,0.0001
nvt300_fieldZ_scaffold_water,4000,-91.0,0.00023333333333333333
nvt300_fieldZ_scaffold_water,4000,-89.0,0.00016666666666666666
nvt300_fieldZ_scaffold_water,4000,-87.0,0.0002
nvt300_fieldZ_scaffold_water,4000,-85.0,0.0005666666666666667
nvt300_fieldZ_scaffold_water,4000,-83.0,0.0008333333333333334
nvt300_fieldZ_scaffold_water,4000,-81.0,0.0016333333333333334
nvt300_fieldZ_scaffold_water,4000,-79.0,0.0021666666666666666
nvt300_fieldZ_scaffold_water,4000,-77.0,0.0047
nvt300_fieldZ_scaffold_water,4000,-75.0,0.008733333333333333
nvt300_fieldZ_scaffold_water,4000,-73.0,0.0123
nvt300_fieldZ_scaffold_water,4000,-71.0,0.016866666666666665
nvt300_fieldZ_scaffold_water,4000,-69.0,0.0161
nvt300_fieldZ_scaffold_water,4000,-67.0,0.0151
nvt300_fieldZ_scaffold_water,4000,-65.0,0.014366666666666666
nvt300_fieldZ_scaffold_water,4000,-63.0,0.014666666666666666
nvt300_fieldZ_scaffold_water,4000,-61.0,0.0128
nvt300_fieldZ_scaffold_water,4000,-59.0,0.0138
nvt300_fieldZ_scaffold_water,4000,-57.0,0.014333333333333333
nvt300_fieldZ_scaffold_water,4000,-55.0,0.014666666666666666
nvt300_fieldZ_scaffold_water,4000,-53.0,0.0146
nvt300_fieldZ_scaffold_water,4000,-51.0,0.013033333333333333
nvt300_fieldZ_scaffold_water,4000,-49.0,0.012566666666666667
nvt300_fieldZ_scaffold_water,4000,-47.0,0.013
nvt300_fieldZ_scaffold_water,4000,-45.0,0.013433333333333334
nvt300_fieldZ_scaffold_water,4000,-43.0,0.0134
nvt300_fieldZ_scaffold_water,4000,-41.0,0.0125
nvt300_fieldZ_scaffold_water,4000,-39.0,0.013033333333333333
nvt300_fieldZ_scaffold_water,4000,-37.0,0.012233333333333334
nvt300_fieldZ_scaffold_water,4000,-35.0,0.011933333333333334
nvt300_fieldZ_scaffold_water,4000,-33.0,0.012033333333333333
nvt300_fieldZ_scaffold_water,4000,-31.0,0.011766666666666667
nvt300_fieldZ_scaffold_water,4000,-29.0,0.012233333333333334
nvt300_fieldZ_scaffold_water,4000,-27.0,0.013266666666666666
nvt300_fieldZ_scaffold_water,4000,-25.0,0.0129
nvt300_fieldZ_scaffold_water,4000,-23.0,0.012733333333333333
nvt300_fieldZ_scaffold_water,4000,-21.0,0.013033333333333333
nvt300_fieldZ_scaffold_water,4000,-19.0,0.0123
nvt300_fieldZ_scaffold_water,4000,-17.0,0.012666666666666666
nvt300_fieldZ_scaffold_water,4000,-15.0,0.011333333333333334
nvt300_fieldZ_scaffold_water,4000,-13.0,0.012
nvt300_fieldZ_scaffold_water,4000,-11.0,0.0118
nvt300_fieldZ_scaffold_water,4000,-9.0,0.011133333333333334
nvt300_fieldZ_scaffold_water,4000,-7.0,0.012066666666666667
nvt300_fieldZ_scaffold_water,4000,-5.0,0.012366666666666666
nvt300_fieldZ_scaffold_water,4000,-3.0,0.012133333333333333
nvt300_fieldZ_scaffold_water,4000,-1.0,0.0124
nvt300_fieldZ_scaffold_water,4000,1.0,0.0122
nvt300_fieldZ_scaffold_water,4000,3.0,0.011966666666666667
nvt300_fieldZ_scaffold_water,4000,5.0,0.012733333333333333
nvt300_fieldZ_scaffold_water,4000,7.0,0.011366666666666667
nvt300_fieldZ_scaffold_water,4000,9.0,0.0121
nvt300_fieldZ_scaffold_water,4000,11.0,0.0129
nvt300_fieldZ_scaffold_water,4000,13.0,0.012466666666666666
nvt300_fieldZ_scaffold_water,4000,15.0,0.0128
nvt300_fieldZ_scaffold_water,4000,17.0,0.0125
nvt300_fieldZ_scaffold_water,4000,19.0,0.0118
nvt300_fieldZ_scaffold_water,4000,21.0,0.011766666666666667
nvt300_fieldZ_scaffold_water,4000,23.0,0.011
nvt300_fieldZ_scaffold_water,4000,25.0,0.012066666666666667
nvt300_fieldZ_scaffold_water,4000,27.0,0.012933333333333333
nvt300_fieldZ_scaffold_water,4000,29.0,0.012933333333333333
nvt300_fieldZ_scaffold_water,4000,31.0,0.013433333333333334
nvt300_fieldZ_scaffold_water,4000,33.0,0.011766666666666667
nvt300_fieldZ_scaffold_water,4000,35.0,0.0122
nvt300_fieldZ_scaffold_water,4000,37.0,0.013366666666666667
nvt300_fieldZ_scaffold_water,4000,39.0,0.0121
nvt300_fieldZ_scaffold_water,4000,41.0,0.011866666666666666
nvt300_fieldZ_scaffold_water,4000,43.0,0.012366666666666666
nvt300_fieldZ_scaffold_water,4000,45.0,0.012933333333333333
nvt300_fieldZ_scaffold_water,4000,47.0,0.013733333333333334
nvt300_fieldZ_scaffold_water,4000,49.0,0.014166666666666666
nvt300_fieldZ_scaffold_water,4000,51.0,0.012466666666666666
nvt300_fieldZ_scaffold_water,4000,53.0,0.0129
nvt300_fieldZ_scaffold_water,4000,55.0,0.014033333333333333
nvt300_fieldZ_scaffold_water,4000,57.0,0.014733333333333333
nvt300_fieldZ_scaffold_water,4000,59.0,0.013866666666666666
nvt300_fieldZ_scaffold_water,4000,61.0,0.0137
nvt300_fieldZ_scaffold_water,4000,63.0,0.013633333333333334
nvt300_fieldZ_scaffold_water,4000,65.0,0.0153
nvt300_fieldZ_scaffold_water,4000,67.0,0.015233333333333333
nvt300_fieldZ_scaffold_water,4000,69.0,0.016233333333333332
nvt300_fieldZ_scaffold_water,4000,71.0,0.013433333333333334
nvt300_fieldZ_scaffold_water,4000,73.0,0.0119
nvt300_fieldZ_scaffold_water,4000,75.0,0.009066666666666667
nvt300_fieldZ_scaffold_water,4000,77.0,0.005366666666666666
nvt300_fieldZ_scaffold_water,4000,79.0,0.0024
nvt300_fieldZ_scaffold_water,4000,81.0,0.0008
nvt300_fieldZ_scaffold_water,4000,83.0,0.00036666666666666667
nvt300_fieldZ_scaffold_water,4000,85.0,0.0002
nvt300_fieldZ_scaffold_water,4000,87.0,0.0001
nvt300_fieldZ_scaffold_water,4000,89.0,6.666666666666667e-05
nvt300_fieldZ_scaffold_water,4000,91.0,0.0001
nvt300_fieldZ_scaffold_water,4000,93.0,6.666666666666667e-05
nvt300_fieldZ_scaffold_water,4000,95.0,0.0001
nvt300_fieldZ_scaffold_water,4000,97.0,0.0
nvt300_fieldZ_scaffold_water,4000,99.0,0.0
nvt300_fieldZ_scaffold_water,4000,101.0,3.3333333333333335e-05
nvt300_fieldZ_scaffold_water,4000,103.0,0.0
nvt300_fieldZ_scaffold_water,4000,105.0,0.0
nvt300_fieldZ_scaffold_water,4000,107.0,0.0
nvt300_fieldZ_scaffold_water,4000,109.0,0.0
nvt300_fieldZ_scaffold_water,4000,111.0,0.0
nvt300_fieldZ_scaffold_water,4000,113.0,0.0
nvt300_fieldZ_scaffold_water,4000,115.0,0.0
nvt300_fieldZ_scaffold_water,4000,117.0,0.0
nvt300_fieldZ_scaffold_water,4000,119.0,0.0
nvt300_fieldZ_scaffold_water,5000,-119.0,0.0
nvt300_fieldZ_scaffold_water,5000,-117.0,0.0
nvt300_fieldZ_scaffold_water,5000,-115.0,0.0
nvt300_fieldZ_scaffold_water,5000,-113.0,3.3333333333333335e-05
nvt300_fieldZ_scaffold_water,5000,-111.0,0.0
nvt300_fieldZ_scaffold_water,5000,-109.0,0.0
nvt300_fieldZ_scaffold_water,5000,-107.0,0.0
nvt300_fieldZ_scaffold_water,5000,-105.0,0.0
nvt300_fieldZ_scaffold_water,5000,-103.0,0.0
nvt300_fieldZ_scaffold_water,5000,-101.0,0.0001
nvt300_fieldZ_scaffold_water,5000,-99.0,0.0
nvt300_fieldZ_scaffold_water,5000,-97.0,0.0
nvt300_fieldZ_scaffold_water,5000,-95.0,0.0001
nvt300_fieldZ_scaffold_water,5000,-93.0,6.666666666666667e-05
nvt300_fieldZ_scaffold_water,5000,-91.0,0.00023333333333333333
nvt300_fieldZ_scaffold_water,5000,-89.0,0.00016666666666666666
nvt300_fieldZ_scaffold_water,5000,-87.0,0.0002
nvt300_fieldZ_scaffold_water,5000,-85.0,0.00046666666666666666
nvt300_fieldZ_scaffold_water,5000,-83.0,0.0008333333333333334
nvt300_fieldZ_scaffold_water,5000,-81.0,0.0016666666666666668
nvt300_fieldZ_scaffold_water,5000,-79.0,0.0021333333333333334
nvt300_fieldZ_scaffold_water,5000,-77.0,0.0045
nvt300_fieldZ_scaffold_water,5000,-75.0,0.008533333333333334
nvt300_fieldZ_scaffold_water,5000,-73.0,0.012366666666666666
nvt300_fieldZ_scaffold_water,5000,-71.0,0.016233333333333332
nvt300_fieldZ_scaffold_water,5000,-69.0,0.0161
nvt300_fieldZ_scaffold_water,5000,-67.0,0.016033333333333333
nvt300_fieldZ_scaffold_water,5000,-65.0,0.0141
nvt300_fieldZ_scaffold_water,5000,-63.0,0.014166666666666666
nvt300_fieldZ_scaffold_water,5000,-61.0,0.013266666666666666
nvt300_fieldZ_scaffold_water,5000,-59.0,0.013733333333333334
nvt300_fieldZ_scaffold_water,5000,-57.0,0.014366666666666666
nvt300_fieldZ_scaffold_water,5000,-55.0,0.014566666666666667
nvt300_fieldZ_scaffold_water,5000,-53.0,0.014466666666666666
nvt300_fieldZ_scaffold_water,5000,-51.0,0.012966666666666666
nvt300_fieldZ_scaffold_water,5000,-49.0,0.013366666666666667
nvt300_fieldZ_scaffold_water,5000,-47.0,0.012666666666666666
nvt300_fieldZ_scaffold_water,5000,-45.0,0.012966666666666666
nvt300_fieldZ_scaffold_water,5000,-43.0,0.014066666666666667
nvt300_fieldZ_scaffold_water,5000,-41.0,0.012633333333333333
nvt300_fieldZ_scaffold_water,5000,-39.0,0.012866666666666667
nvt300_fieldZ_scaffold_water,5000,-37.0,0.011966666666666667
nvt300_fieldZ_scaffold_water,5000,-35.0,0.012233333333333334
nvt300_fieldZ_scaffold_water,5000,-33.0,0.012366666666666666
nvt300_fieldZ_scaffold_water,5000,-31.0,0.0114
nvt300_fieldZ_scaffold_water,5000,-29.0,0.012266666666666667
nvt300_fieldZ_scaffold_water,5000,-27.0,0.0132
nvt300_fieldZ_scaffold_water,5000,-25.0,0.012833333333333334
nvt300_fieldZ_scaffold_water,5000,-23.0,0.012933333333333333
nvt300_fieldZ_scaffold_water,5000,-21.0,0.0128
nvt300_fieldZ_scaffold_water,5000,-19.0,0.0124
nvt300_fieldZ_scaffold_water,5000,-17.0,0.012933333333333333
nvt300_fieldZ_scaffold_water,5000,-15.0,0.0118
nvt300_fieldZ_scaffold_water,5000,-13.0,0.0113
nvt300_fieldZ_scaffold_water,5000,-11.0,0.012233333333333334
nvt300_fieldZ_scaffold_water,5000,-9.0,0.0109
nvt300_fieldZ_scaffold_water,5000,-7.0,0.0119
nvt300_fieldZ_scaffold_water,5000,-5.0,0.012366666666666666
nvt300_fieldZ_scaffold_water,5000,-3.0,0.012366666666666666
nvt300_fieldZ_scaffold_water,5000,-1.0,0.0124
nvt300_fieldZ_scaffold_water,5000,1.0,0.012
nvt300_fieldZ_scaffold_water,5000,3.0,0.012033333333333333
nvt300_fieldZ_scaffold_water,5000,5.0,0.012533333333333334
nvt300_fieldZ_scaffold_water,5000,7.0,0.011633333333333334
nvt300_fieldZ_scaffold_water,5000,9.0,0.012133333333333333
nvt300_fieldZ_scaffold_water,5000,11.0,0.012866666666666667
nvt300_fieldZ_scaffold_water,5000,13.0,0.0127
nvt300_fieldZ_scaffold_water,5000,15.0,0.012733333333333333
nvt300_fieldZ_scaffold_water,5000,17.0,0.012566666666666667
nvt300_fieldZ_scaffold_water,5000,19.0,0.011333333333333334
nvt300_fieldZ_scaffold_water,5000,21.0,0.011633333333333334
nvt300_fieldZ_scaffold_water,5000,23.0,0.0113
nvt300_fieldZ_scaffold_water,5000,25.0,0.012333333333333333
nvt300_fieldZ_scaffold_water,5000,27.0,0.012833333333333334
nvt300_fieldZ_scaffold_water,5000,29.0,0.012966666666666666
nvt300_fieldZ_scaffold_water,5000,31.0,0.013433333333333334
nvt300_fieldZ_scaffold_water,5000,33.0,0.011466666666666667
nvt300_fieldZ_scaffold_water,5000,35.0,0.0127
nvt300_fieldZ_scaffold_water,5000,37.0,0.0131
nvt300_fieldZ_scaffold_water,5000,39.0,0.012
nvt300_fieldZ_scaffold_water,5000,41.0,0.0126
nvt300_fieldZ_scaffold_water,5000,43.0,0.011766666666666667
nvt300_fieldZ_scaffold_water,5000,45.0,0.013233333333333333
nvt300_fieldZ_scaffold_water,5000,47.0,0.0142
nvt300_fieldZ_scaffold_water,5000,49.0,0.013566666666666666
nvt300_fieldZ_scaffold_water,5000,51.0,0.012933333333333333
nvt300_fieldZ_scaffold_water,5000,53.0,0.0128
nvt300_fieldZ_scaffold_water,5000,55.0,0.014
nvt300_fieldZ_scaffold_water,5000,57.0,0.0146
nvt300_fieldZ_scaffold_water,5000,59.0,0.014166666666666666
nvt300_fieldZ_scaffold_water,5000,61.0,0.013266666666666666
nvt300_fieldZ_scaffold_water,5000,63.0,0.013766666666666667
nvt300_fieldZ_scaffold_water,5000,65.0,0.015333333333333332
nvt300_fieldZ_scaffold_water,5000,67.0,0.015533333333333333
nvt300_fieldZ_scaffold_water,5000,69.0,0.015933333333333334
nvt300_fieldZ_scaffold_water,5000,71.0,0.013933333333333334
nvt300_fieldZ_scaffold_water,5000,73.0,0.011533333333333333
nvt300_fieldZ_scaffold_water,5000,75.0,0.008566666666666667
nvt300_fieldZ_scaffold_water,5000,77.0,0.005066666666666666
nvt300_fieldZ_scaffold_water,5000,79.0,0.0023333333333333335
nvt300_fieldZ_scaffold_water,5000,81.0,0.0010333333333333334
nvt300_fieldZ_scaffold_water,5000,83.0,0.0002666666666666667
nvt300_fieldZ_scaffold_water,5000,85.0,0.00023333333333333333
nvt300_fieldZ_scaffold_water,5000,87.0,0.0001
nvt300_fieldZ_scaffold_water,5000,89.0,3.3333333333333335e-05
nvt300_fieldZ_scaffold_water,5000,91.0,0.00016666666666666666
nvt300_fieldZ_scaffold_water,5000,93.0,3.3333333333333335e-05
nvt300_fieldZ_scaffold_water,5000,95.0,0.0001
nvt300_fieldZ_scaffold_water,5000,97.0,0.0
nvt300_fieldZ_scaffold_water,5000,99.0,0.0
nvt300_fieldZ_scaffold_water,5000,101.0,3.3333333333333335e-05
nvt300_fieldZ_scaffold_water,5000,103.0,0.0
nvt300_fieldZ_scaffold_water,5000,105.0,0.0
nvt300_fieldZ_scaffold_water,5000,107.0,0.0
nvt300_fieldZ_scaffold_water,5000,109.0,0.0
nvt300_fieldZ_scaffold_water,5000,111.0,0.0
nvt300_fieldZ_scaffold_water,5000,113.0,0.0
nvt300_fieldZ_scaffold_water,5000,115.0,0.0
nvt300_fieldZ_scaffold_water,5000,117.0,0.0
nvt300_fieldZ_scaffold_water,5000,119.0,0.0
nvt300_fieldZ_scaffold_water,6000,-119.0,0.0
nvt300_fieldZ_scaffold_water,6000,-117.0,0.0
nvt300_fieldZ_scaffold_water,6000,-115.0,0.0
nvt300_fieldZ_scaffold_water,6000,-113.0,3.3333333333333335e-05
nvt300_fieldZ_scaffold_water,6000,-111.0,0.0
nvt300_fieldZ_scaffold_water,6000,-109.0,0.0
nvt300_fieldZ_scaffold_water,6000,-107.0,0.0
nvt300_fieldZ_scaffold_water,6000,-105.0,0.0
nvt300_fieldZ_scaffold_water,6000,-103.0,3.3333333333333335e-05
nvt300_fieldZ_scaffold_water,6000,-101.0,6.666666666666667e-05
nvt300_fieldZ_scaffold_water,6000,-99.0,0.0
nvt300_fieldZ_scaffold_water,6000,-97.0,0.0
nvt300_fieldZ_scaffold_water,6000,-95.0,0.0001
nvt300_fieldZ_scaffold_water,6000,-93.0,6.666666666666667e-05
nvt300_fieldZ_scaffold_water,6000,-91.0,0.0002
nvt300_fieldZ_scaffold_water,6000,-89.0,0.00023333333333333333
nvt300_fieldZ_scaffold_water,6000,-87.0,0.0002
nvt300_fieldZ_scaffold_water,6000,-85.0,0.0006333333333333333
nvt300_fieldZ_scaffold_water,6000,-83.0,0.0006
nvt300_fieldZ_scaffold_water,6000,-81.0,0.0016
nvt300_fieldZ_scaffold_water,6000,-79.0,0.0021
nvt300_fieldZ_scaffold_water,6000,-77.0,0.004266666666666667
nvt300_fieldZ_scaffold_water,6000,-75.0,0.008366666666666666
nvt300_fieldZ_scaffold_water,6000,-73.0,0.012233333333333334
nvt300_fieldZ_scaffold_water,6000,-71.0,0.0164
nvt300_fieldZ_scaffold_water,6000,-69.0,0.016066666666666667
nvt300_fieldZ_scaffold_water,6000,-67.0,0.0157
nvt300_fieldZ_scaffold_water,6000,-65.0,0.014233333333333334
nvt300_fieldZ_scaffold_water,6000,-63.0,0.014433333333333333
nvt300_fieldZ_scaffold_water,6000,-61.0,0.013233333333333333
nvt300_fieldZ_scaffold_water,6000,-59.0,0.013966666666666667
nvt300_fieldZ_scaffold_water,6000,-57.0,0.014133333333333333
nvt300_fieldZ_scaffold_water,6000,-55.0,0.014366666666666666
nvt300_fieldZ_scaffold_water,6000,-53.0,0.014733333333333333
nvt300_fieldZ_scaffold_water,6000,-51.0,0.0132
nvt300_fieldZ_scaffold_water,6000,-49.0,0.013
nvt300_fieldZ_scaffold_water,6000,-47.0,0.0129
nvt300_fieldZ_scaffold_water,6000,-45.0,0.013033333333333333
nvt300_fieldZ_scaffold_water,6000,-43.0,0.014133333333333333
nvt300_fieldZ_scaffold_water,6000,-41.0,0.0128
nvt300_fieldZ_scaffold_water,6000,-39.0,0.012366666666666666
nvt300_fieldZ_scaffold_water,6000,-37.0,0.012633333333333333
nvt300_fieldZ_scaffold_water,6000,-35.0,0.0121
nvt300_fieldZ_scaffold_water,6000,-33.0,0.012166666666666666
nvt300_fieldZ_scaffold_water,6000,-31.0,0.011566666666666666
nvt300_fieldZ_scaffold_water,6000,-29.0,0.012
nvt300_fieldZ_scaffold_water,6000,-27.0,0.013266666666666666
nvt300_fieldZ_scaffold_water,6000,-25.0,0.013033333333333333
nvt300_fieldZ_scaffold_water,6000,-23.0,0.012966666666666666
nvt300_fieldZ_scaffold_water,6000,-21.0,0.0125
nvt300_fieldZ_scaffold_water,6000,-19.0,0.012533333333333334
nvt300_fieldZ_scaffold_water,6000,-17.0,0.0127
nvt300_fieldZ_scaffold_water,6000,-15.0,0.012266666666666667
nvt300_fieldZ_scaffold_water,6000,-13.0,0.0112
nvt300_fieldZ_scaffold_water,6000,-11.0,0.012066666666666667
nvt300_fieldZ_scaffold_water,6000,-9.0,0.0112
nvt300_fieldZ_scaffold_water,6000,-7.0,0.011466666666666667
nvt300_fieldZ_scaffold_water,6000,-5.0,0.012733333333333333
nvt300_fieldZ_scaffold_water,6000,-3.0,0.0121
nvt300_fieldZ_scaffold_water,6000,-1.0,0.012866666666666667
nvt300_fieldZ_scaffold_water,6000,1.0,0.011866666666666666
nvt300_fieldZ_scaffold_water,6000,3.0,0.011833333333333333
nvt300_fieldZ_scaffold_water,6000,5.0,0.012733333333333333
nvt300_fieldZ_scaffold_water,6000,7.0,0.011433333333333334
nvt300_fieldZ_scaffold_water,6000,9.0,0.012366666666666666
nvt300_fieldZ_scaffold_water,6000,11.0,0.0129
nvt300_fieldZ_scaffold_water,6000,13.0,0.012933333333333333
nvt300_fieldZ_scaffold_water,6000,15.0,0.012333333333333333
nvt300_fieldZ_scaffold_water,6000,17.0,0.0127
nvt300_fieldZ_scaffold_water,6000,19.0,0.011166666666666667
nvt300_fieldZ_scaffold_water,6000,21.0,0.012
nvt300_fieldZ_scaffold_water,6000,23.0,0.011233333333333333
nvt300_fieldZ_scaffold_water,6000,25.0,0.0119
nvt300_fieldZ_scaffold_water,6000,27.0,0.013066666666666667
nvt300_fieldZ_scaffold_water,6000,29.0,0.013066666666666667
nvt300_fieldZ_scaffold_water,6000,31.0,0.013533333333333333
nvt300_fieldZ_scaffold_water,6000,33.0,0.011633333333333334
nvt300_fieldZ_scaffold_water,6000,35.0,0.012433333333333333
nvt300_fieldZ_scaffold_water,6000,37.0,0.013033333333333333
nvt300_fieldZ_scaffold_water,6000,39.0,0.012366666666666666
nvt300_fieldZ_scaffold_water,6000,41.0,0.012066666666666667
nvt300_fieldZ_scaffold_water,6000,43.0,0.012533333333333334
nvt300_fieldZ_scaffold_water,6000,45.0,0.013066666666666667
nvt300_fieldZ_scaffold_water,6000,47.0,0.013933333333333334
nvt300_fieldZ_scaffold_water,6000,49.0,0.014
nvt300_fieldZ_scaffold_water,6000,51.0,0.012666666666666666
nvt300_fieldZ_scaffold_water,6000,53.0,0.012833333333333334
nvt300_fieldZ_scaffold_water,6000,55.0,0.014533333333333334
nvt300_fieldZ_scaffold_water,6000,57.0,0.014166666666666666
nvt300_fieldZ_scaffold_water,6000,59.0,0.014033333333333333
nvt300_fieldZ_scaffold_water,6000,61.0,0.0136
nvt300_fieldZ_scaffold_water,6000,63.0,0.014
nvt300_fieldZ_scaffold_water,6000,65.0,0.014766666666666668
nvt300_fieldZ_scaffold_water,6000,67.0,0.0163
nvt300_fieldZ_scaffold_water,6000,69.0,0.015433333333333334
nvt300_fieldZ_scaffold_water,6000,71.0,0.013633333333333334
nvt300_fieldZ_scaffold_water,6000,73.0,0.011566666666666666
nvt300_fieldZ_scaffold_water,6000,75.0,0.008266666666666667
nvt300_fieldZ_scaffold_water,6000,77.0,0.005266666666666667
nvt300_fieldZ_scaffold_water,6000,79.0,0.0021
nvt300_fieldZ_scaffold_water,6000,81.0,0.0008666666666666666
nvt300_fieldZ_scaffold_water,6000,83.0,0.0003333333333333333
nvt300_fieldZ_scaffold_water,6000,85.0,0.00023333333333333333
nvt300_fieldZ_scaffold_water,6000,87.0,0.0001
nvt300_fieldZ_scaffold_water,6000,89.0,3.3333333333333335e-05
nvt300_fieldZ_scaffold_water,6000,91.0,0.00016666666666666666
nvt300_fieldZ_scaffold_water,6000,93.0,3.3333333333333335e-05
nvt300_fieldZ_scaffold_water,6000,95.0,0.0001
nvt300_fieldZ_scaffold_water,6000,97.0,0.0
nvt300_fieldZ_scaffold_water,6000,99.0,3.3333333333333335e-05
nvt300_fieldZ_scaffold_water,6000,101.0,0.0
nvt300_fieldZ_scaffold_water,6000,103.0,0.0
nvt300_fieldZ_scaffold_water,6000,105.0,0.0
nvt300_fieldZ_scaffold_water,6000,107.0,0.0
nvt300_fieldZ_scaffold_water,6000,109.0,0.0
nvt300_fieldZ_scaffold_water,6000,111.0,0.0
nvt300_fieldZ_scaffold_water,6000,113.0,0.0
nvt300_fieldZ_scaffold_water,6000,115.0,0.0
nvt300_fieldZ_scaffold_water,6000,117.0,0.0
nvt300_fieldZ_scaffold_water,6000,119.0,0.0
nvt300_fieldZ_scaffold_water,7000,-119.0,0.0
nvt300_fieldZ_scaffold_water,7000,-117.0,0.0
nvt300_fieldZ_scaffold_water,7000,-115.0,0.0
nvt300_fieldZ_scaffold_water,7000,-113.0,3.3333333333333335e-05
nvt300_fieldZ_scaffold_water,7000,-111.0,0.0
nvt300_fieldZ_scaffold_water,7000,-109.0,0.0
nvt300_fieldZ_scaffold_water,7000,-107.0,0.0
nvt300_fieldZ_scaffold_water,7000,-105.0,0.0
nvt300_fieldZ_scaffold_water,7000,-103.0,3.3333333333333335e-05
nvt300_fieldZ_scaffold_water,7000,-101.0,6.666666666666667e-05
nvt300_fieldZ_scaffold_water,7000,-99.0,0.0
nvt300_fieldZ_scaffold_water,7000,-97.0,0.0
nvt300_fieldZ_scaffold_water,7000,-95.0,6.666666666666667e-05
nvt300_fieldZ_scaffold_water,7000,-93.0,0.0001
nvt300_fieldZ_scaffold_water,7000,-91.0,0.00023333333333333333
nvt300_fieldZ_scaffold_water,7000,-89.0,0.0002
nvt300_fieldZ_scaffold_water,7000,-87.0,0.0002
nvt300_fieldZ_scaffold_water,7000,-85.0,0.0005666666666666667
nvt300_fieldZ_scaffold_water,7000,-83.0,0.0005666666666666667
nvt300_fieldZ_scaffold_water,7000,-81.0,0.0016333333333333334
nvt300_fieldZ_scaffold_water,7000,-79.0,0.0019666666666666665
nvt300_fieldZ_scaffold_water,7000,-77.0,0.004433333333333333
nvt300_fieldZ_scaffold_water,7000,-75.0,0.008166666666666666
nvt300_fieldZ_scaffold_water,7000,-73.0,0.0115
nvt300_fieldZ_scaffold_water,7000,-71.0,0.016433333333333335
nvt300_fieldZ_scaffold_water,7000,-69.0,0.016033333333333333
nvt300_fieldZ_scaffold_water,7000,-67.0,0.0161
nvt300_fieldZ_scaffold_water,7000,-65.0,0.0143
nvt300_fieldZ_scaffold_water,7000,-63.0,0.014333333333333333
nvt300_fieldZ_scaffold_water,7000,-61.0,0.0133
nvt300_fieldZ_scaffold_water,7000,-59.0,0.0142
nvt300_fieldZ_scaffold_water,7000,-57.0,0.013666666666666667
nvt300_fieldZ_scaffold_water,7000,-55.0,0.014966666666666666
nvt300_fieldZ_scaffold_water,7000,-53.0,0.014733333333333333
nvt300_fieldZ_scaffold_water,7000,-51.0,0.013433333333333334
nvt300_fieldZ_scaffold_water,7000,-49.0,0.012566666666666667
nvt300_fieldZ_scaffold_water,7000,-47.0,0.0131
nvt300_fieldZ_scaffold_water,7000,-45.0,0.013133333333333334
nvt300_fieldZ_scaffold_water,7000,-43.0,0.0136
nvt300_fieldZ_scaffold_water,7000,-41.0,0.013033333333333333
nvt300_fieldZ_scaffold_water,7000,-39.0,0.012733333333333333
nvt300_fieldZ_scaffold_water,7000,-37.0,0.012266666666666667
nvt300_fieldZ_scaffold_water,7000,-35.0,0.012233333333333334
nvt300_fieldZ_scaffold_water,7000,-33.0,0.012233333333333334
nvt300_fieldZ_scaffold_water,7000,-31.0,0.011433333333333334
nvt300_fieldZ_scaffold_water,7000,-29.0,0.012533333333333334
nvt300_fieldZ_scaffold_water,7000,-27.0,0.013033333333333333
nvt300_fieldZ_scaffold_water,7000,-25.0,0.012866666666666667
nvt300_fieldZ_scaffold_water,7000,-23.0,0.012933333333333333
nvt300_fieldZ_scaffold_water,7000,-21.0,0.0126
nvt300_fieldZ_scaffold_water,7000,-19.0,0.012366666666666666
nvt300_fieldZ_scaffold_water,7000,-17.0,0.0129
nvt300_fieldZ_scaffold_water,7000,-15.0,0.012133333333333333
nvt300_fieldZ_scaffold_water,7000,-13.0,0.011433333333333334
nvt300_fieldZ_scaffold_water,7000,-11.0,0.0118
nvt300_fieldZ_scaffold_water,7000,-9.0,0.011466666666666667
nvt300_fieldZ_scaffold_water,7000,-7.0,0.0114
nvt300_fieldZ_scaffold_water,7000,-5.0,0.012466666666666666
nvt300_fieldZ_scaffold_water,7000,-3.0,0.012366666666666666
nvt300_fieldZ_scaffold_water,7000,-1.0,0.013033333333333333
nvt300_fieldZ_scaffold_water,7000,1.0,0.011766666666666667
nvt300_fieldZ_scaffold_water,7000,3.0,0.012066666666666667
nvt300_fieldZ_scaffold_water,7000,5.0,0.012566666666666667
nvt300_fieldZ_scaffold_water,7000,7.0,0.011566666666666666
nvt300_fieldZ_scaffold_water,7000,9.0,0.011833333333333333
nvt300_fieldZ_scaffold_water,7000,11.0,0.0133
nvt300_fieldZ_scaffold_water,7000,13.0,0.0127
nvt300_fieldZ_scaffold_water,7000,15.0,0.012333333333333333
nvt300_fieldZ_scaffold_water,7000,17.0,0.012566666666666667
nvt300_fieldZ_scaffold_water,7000,19.0,0.011666666666666667
nvt300_fieldZ_scaffold_water,7000,21.0,0.012166666666666666
nvt300_fieldZ_scaffold_water,7000,23.0,0.011066666666666667
nvt300_fieldZ_scaffold_water,7000,25.0,0.012033333333333333
nvt300_fieldZ_scaffold_water,7000,27.0,0.0132
nvt300_fieldZ_scaffold_water,7000,29.0,0.013
nvt300_fieldZ_scaffold_water,7000,31.0,0.013166666666666667
nvt300_fieldZ_scaffold_water,7000,33.0,0.011666666666666667
nvt300_fieldZ_scaffold_water,7000,35.0,0.012666666666666666
nvt300_fieldZ_scaffold_water,7000,37.0,0.013366666666666667
nvt300_fieldZ_scaffold_water,7000,39.0,0.012166666666666666
nvt300_fieldZ_scaffold_water,7000,41.0,0.012233333333333334
nvt300_fieldZ_scaffold_water,7000,43.0,0.012433333333333333
nvt300_fieldZ_scaffold_water,7000,45.0,0.012833333333333334
nvt300_fieldZ_scaffold_water,7000,47.0,0.0138
nvt300_fieldZ_scaffold_water,7000,49.0,0.0139
nvt300_fieldZ_scaffold_water,7000,51.0,0.012966666666666666
nvt300_fieldZ_scaffold_water,7000,53.0,0.013366666666666667
nvt300_fieldZ_scaffold_water,7000,55.0,0.014633333333333333
nvt300_fieldZ_scaffold_water,7000,57.0,0.013566666666666666
nvt300_fieldZ_scaffold_water,7000,59.0,0.0144
nvt300_fieldZ_scaffold_water,7000,61.0,0.0137
nvt300_fieldZ_scaffold_water,7000,63.0,0.0141
nvt300_fieldZ_scaffold_water,7000,65.0,0.014666666666666666
nvt300_fieldZ_scaffold_water,7000,67.0,0.016133333333333333
nvt300_fieldZ_scaffold_water,7000,69.0,0.015333333333333332
nvt300_fieldZ_scaffold_water,7000,71.0,0.013766666666666667
nvt300_fieldZ_scaffold_water,7000,73.0,0.011033333333333332
nvt300_fieldZ_scaffold_water,7000,75.0,0.008166666666666666
nvt300_fieldZ_scaffold_water,7000,77.0,0.005166666666666667
nvt300_fieldZ_scaffold_water,7000,79.0,0.0022
nvt300_fieldZ_scaffold_water,7000,81.0,0.0007333333333333333
nvt300_fieldZ_scaffold_water,7000,83.0,0.00036666666666666667
nvt300_fieldZ_scaffold_water,7000,85.0,0.00023333333333333333
nvt300_fieldZ_scaffold_water,7000,87.0,0.0001
nvt300_fieldZ_scaffold_water,7000,89.0,6.666666666666667e-05
nvt300_fieldZ_scaffold_water,7000,91.0,0.00013333333333333334
nvt300_fieldZ_scaffold_water,7000,93.0,3.3333333333333335e-05
nvt300_fieldZ_scaffold_water,7000,95.0,0.0001
nvt300_fieldZ_scaffold_water,7000,97.0,0.0
nvt300_fieldZ_scaffold_water,7000,99.0,3.3333333333333335e-05
nvt300_fieldZ_scaffold_water,7000,101.0,0.0
nvt300_fieldZ_scaffold_water,7000,103.0,0.0
nvt300_fieldZ_scaffold_water,7000,105.0,0.0
nvt300_fieldZ_scaffold_water,7000,107.0,0.0
nvt300_fieldZ_scaffold_water,7000,109.0,0.0
nvt300_fieldZ_scaffold_water,7000,111.0,0.0
nvt300_fieldZ_scaffold_water,7000,113.0,0.0
nvt300_fieldZ_scaffold_water,7000,115.0,0.0
nvt300_fieldZ_scaffold_water,7000,117.0,0.0
nvt300_fieldZ_scaffold_water,7000,119.0,0.0
nvt300_fieldZ_scaffold_water,8000,-119.0,0.0
nvt300_fieldZ_scaffold_water,8000,-117.0,0.0
nvt300_fieldZ_scaffold_water,8000,-115.0,0.0
nvt300_fieldZ_scaffold_water,8000,-113.0,3.3333333333333335e-05
nvt300_fieldZ_scaffold_water,8000,-111.0,0.0
nvt300_fieldZ_scaffold_water,8000,-109.0,0.0
nvt300_fieldZ_scaffold_water,8000,-107.0,0.0
nvt300_fieldZ_scaffold_water,8000,-105.0,0.0
nvt300_fieldZ_scaffold_water,8000,-103.0,3.3333333333333335e-05
nvt300_fieldZ_scaffold_water,8000,-101.0,6.666666666666667e-05
nvt300_fieldZ_scaffold_water,8000,-99.0,0.0
nvt300_fieldZ_scaffold_water,8000,-97.0,0.0
nvt300_fieldZ_scaffold_water,8000,-95.0,6.666666666666667e-05
nvt300_fieldZ_scaffold_water,8000,-93.0,0.0001
nvt300_fieldZ_scaffold_water,8000,-91.0,0.00023333333333333333
nvt300_fieldZ_scaffold_water,8000,-89.0,0.00016666666666666666
nvt300_fieldZ_scaffold_water,8000,-87.0,0.0002
nvt300_fieldZ_scaffold_water,8000,-85.0,0.0006
nvt300_fieldZ_scaffold_water,8000,-83.0,0.0005666666666666667
nvt300_fieldZ_scaffold_water,8000,-81.0,0.0015
nvt300_fieldZ_scaffold_water,8000,-79.0,0.0020666666666666667
nvt300_fieldZ_scaffold_water,8000,-77.0,0.004233333333333334
nvt300_fieldZ_scaffold_water,8000,-75.0,0.008133333333333333
nvt300_fieldZ_scaffold_water,8000,-73.0,0.011566666666666666
nvt300_fieldZ_scaffold_water,8000,-71.0,0.016033333333333333
nvt300_fieldZ_scaffold_water,8000,-69.0,0.016
nvt300_fieldZ_scaffold_water,8000,-67.0,0.015666666666666666
nvt300_fieldZ_scaffold_water,8000,-65.0,0.014733333333333333
nvt300_fieldZ_scaffold_water,8000,-63.0,0.014366666666666666
nvt300_fieldZ_scaffold_water,8000,-61.0,0.0138
nvt300_fieldZ_scaffold_water,8000,-59.0,0.013366666666666667
nvt300_fieldZ_scaffold_water,8000,-57.0,0.014166666666666666
nvt300_fieldZ_scaffold_water,8000,-55.0,0.015333333333333332
nvt300_fieldZ_scaffold_water,8000,-53.0,0.014333333333333333
nvt300_fieldZ_scaffold_water,8000,-51.0,0.0133
nvt300_fieldZ_scaffold_water,8000,-49.0,0.012833333333333334
nvt300_fieldZ_scaffold_water,8000,-47.0,0.012766666666666667
nvt300_fieldZ_scaffold_water,8000,-45.0,0.0133
nvt300_fieldZ_scaffold_water,8000,-43.0,0.013966666666666667
nvt300_fieldZ_scaffold_water,8000,-41.0,0.012533333333333334
nvt300_fieldZ_scaffold_water,8000,-39.0,0.0128
nvt300_fieldZ_scaffold_water,8000,-37.0,0.0123
nvt300_fieldZ_scaffold_water,8000,-35.0,0.012733333333333333
nvt300_fieldZ_scaffold_water,8000,-33.0,0.0125
nvt300_fieldZ_scaffold_water,8000,-31.0,0.010966666666666666
nvt300_fieldZ_scaffold_water,8000,-29.0,0.012533333333333334
nvt300_fieldZ_scaffold_water,8000,-27.0,0.012733333333333333
nvt300_fieldZ_scaffold_water,8000,-25.0,0.013
nvt300_fieldZ_scaffold_water,8000,-23.0,0.013
nvt300_fieldZ_scaffold_water,8000,-21.0,0.013066666666666667
nvt300_fieldZ_scaffold_water,8000,-19.0,0.012333333333333333
nvt300_fieldZ_scaffold_water,8000,-17.0,0.0124
nvt300_fieldZ_scaffold_water,8000,-15.0,0.012466666666666666
nvt300_fieldZ_scaffold_water,8000,-13.0,0.011466666666666667
nvt300_fieldZ_scaffold_water,8000,-11.0,0.011933333333333334
nvt300_fieldZ_scaffold_water,8000,-9.0,0.011233333333333333
nvt300_fieldZ_scaffold_water,8000,-7.0,0.011933333333333334
nvt300_fieldZ_scaffold_water,8000,-5.0,0.011966666666666667
nvt300_fieldZ_scaffold_water,8000,-3.0,0.0127
nvt300_fieldZ_scaffold_water,8000,-1.0,0.0126
nvt300_fieldZ_scaffold_water,8000,1.0,0.011833333333333333
nvt300_fieldZ_scaffold_water,8000,3.0,0.012166666666666666
nvt300_fieldZ_scaffold_water,8000,5.0,0.012366666666666666
nvt300_fieldZ_scaffold_water,8000,7.0,0.011966666666666667
nvt300_fieldZ_scaffold_water,8000,9.0,0.0119
nvt300_fieldZ_scaffold_water,8000,11.0,0.013233333333333333
nvt300_fieldZ_scaffold_water,8000,13.0,0.012866666666666667
nvt300_fieldZ_scaffold_water,8000,15.0,0.012233333333333334
nvt300_fieldZ_scaffold_water,8000,17.0,0.012633333333333333
nvt300_fieldZ_scaffold_water,8000,19.0,0.0117
nvt300_fieldZ_scaffold_water,8000,21.0,0.011866666666666666
nvt300_fieldZ_scaffold_water,8000,23.0,0.0112
nvt300_fieldZ_scaffold_water,8000,25.0,0.0122
nvt300_fieldZ_scaffold_water,8000,27.0,0.013033333333333333
nvt300_fieldZ_scaffold_water,8000,29.0,0.012966666666666666
nvt300_fieldZ_scaffold_water,8000,31.0,0.013266666666666666
nvt300_fieldZ_scaffold_water,8000,33.0,0.012133333333333333
nvt300_fieldZ_scaffold_water,8000,35.0,0.012566666666666667
nvt300_fieldZ_scaffold_water,8000,37.0,0.012933333333333333
nvt300_fieldZ_scaffold_water,8000,39.0,0.012333333333333333
nvt300_fieldZ_scaffold_water,8000,41.0,0.012033333333333333
nvt300_fieldZ_scaffold_water,8000,43.0,0.0124
nvt300_fieldZ_scaffold_water,8000,45.0,0.012866666666666667
nvt300_fieldZ_scaffold_water,8000,47.0,0.014466666666666666
nvt300_fieldZ_scaffold_water,8000,49.0,0.013733333333333334
nvt300_fieldZ_scaffold_water,8000,51.0,0.012866666666666667
nvt300_fieldZ_scaffold_water,8000,53.0,0.013566666666666666
nvt300_fieldZ_scaffold_water,8000,55.0,0.014266666666666667
nvt300_fieldZ_scaffold_water,8000,57.0,0.0141
nvt300_fieldZ_scaffold_water,8000,59.0,0.014333333333333333
nvt300_fieldZ_scaffold_water,8000,61.0,0.013966666666666667
nvt300_fieldZ_scaffold_water,8000,63.0,0.013233333333333333
nvt300_fieldZ_scaffold_water,8000,65.0,0.015733333333333332
nvt300_fieldZ_scaffold_water,8000,67.0,0.0159
nvt300_fieldZ_scaffold_water,8000,69.0,0.015133333333333334
nvt300_fieldZ_scaffold_water,8000,71.0,0.0131
nvt300_fieldZ_scaffold_water,8000,73.0,0.011466666666666667
nvt300_fieldZ_scaffold_water,8000,75.0,0.008033333333333333
nvt300_fieldZ_scaffold_water,8000,77.0,0.0048
nvt300_fieldZ_scaffold_water,8000,79.0,0.0020666666666666667
nvt300_fieldZ_scaffold_water,8000,81.0,0.0008333333333333334
nvt300_fieldZ_scaffold_water,8000,83.0,0.0002666666666666667
nvt300_fieldZ_scaffold_water,8000,85.0,0.00023333333333333333
nvt300_fieldZ_scaffold_water,8000,87.0,0.0001
nvt300_fieldZ_scaffold_water,8000,89.0,6.666666666666667e-05
nvt300_fieldZ_scaffold_water,8000,91.0,0.00013333333333333334
nvt300_fieldZ_scaffold_water,8000,93.0,3.3333333333333335e-05
nvt300_fieldZ_scaffold_water,8000,95.0,0.0001
nvt300_fieldZ_scaffold_water,8000,97.0,0.0
nvt300_fieldZ_scaffold_water,8000,99.0,3.3333333333333335e-05
nvt300_fieldZ_scaffold_water,8000,101.0,0.0
nvt300_fieldZ_scaffold_water,8000,103.0,0.0
nvt300_fieldZ_scaffold_water,8000,105.0,0.0
nvt300_fieldZ_scaffold_water,8000,107.0,0.0
nvt300_fieldZ_scaffold_water,8000,109.0,0.0
nvt300_fieldZ_scaffold_water,8000,111.0,0.0
nvt300_fieldZ_scaffold_water,8000,113.0,0.0
nvt300_fieldZ_scaffold_water,8000,115.0,0.0
nvt300_fieldZ_scaffold_water,8000,117.0,0.0
nvt300_fieldZ_scaffold_water,8000,119.0,0.0
nvt300_fieldZ_scaffold_water,9000,-119.0,0.0
nvt300_fieldZ_scaffold_water,9000,-117.0,0.0
nvt300_fieldZ_scaffold_water,9000,-115.0,0.0
nvt300_fieldZ_scaffold_water,9000,-113.0,3.3333333333333335e-05
nvt300_fieldZ_scaffold_water,9000,-111.0,0.0
nvt300_fieldZ_scaffold_water,9000,-109.0,0.0
nvt300_fieldZ_scaffold_water,9000,-107.0,0.0
nvt300_fieldZ_scaffold_water,9000,-105.0,0.0
nvt300_fieldZ_scaffold_water,9000,-103.0,3.3333333333333335e-05
nvt300_fieldZ_scaffold_water,9000,-101.0,6.666666666666667e-05
nvt300_fieldZ_scaffold_water,9000,-99.0,0.0
nvt300_fieldZ_scaffold_water,9000,-97.0,0.0
nvt300_fieldZ_scaffold_water,9000,-95.0,3.3333333333333335e-05
nvt300_fieldZ_scaffold_water,9000,-93.0,0.00013333333333333334
nvt300_fieldZ_scaffold_water,9000,-91.0,0.00023333333333333333
nvt300_fieldZ_scaffold_water,9000,-89.0,0.00023333333333333333
nvt300_fieldZ_scaffold_water,9000,-87.0,0.00016666666666666666
nvt300_fieldZ_scaffold_water,9000,-85.0,0.0005
nvt300_fieldZ_scaffold_water,9000,-83.0,0.0007333333333333333
nvt300_fieldZ_scaffold_water,9000,-81.0,0.0013666666666666666
nvt300_fieldZ_scaffold_water,9000,-79.0,0.0021
nvt300_fieldZ_scaffold_water,9000,-77.0,0.0041
nvt300_fieldZ_scaffold_water,9000,-75.0,0.007966666666666667
nvt300_fieldZ_scaffold_water,9000,-73.0,0.011566666666666666
nvt300_fieldZ_scaffold_water,9000,-71.0,0.0148
nvt300_fieldZ_scaffold_water,9000,-69.0,0.016633333333333333
nvt300_fieldZ_scaffold_water,9000,-67.0,0.0161
nvt300_fieldZ_scaffold_water,9000,-65.0,0.014766666666666668
nvt300_fieldZ_scaffold_water,9000,-63.0,0.013966666666666667
nvt300_fieldZ_scaffold_water,9000,-61.0,0.014033333333333333
nvt300_fieldZ_scaffold_water,9000,-59.0,0.014066666666666667
nvt300_fieldZ_scaffold_water,9000,-57.0,0.013933333333333334
nvt300_fieldZ_scaffold_water,9000,-55.0,0.015133333333333334
nvt300_fieldZ_scaffold_water,9000,-53.0,0.014266666666666667
nvt300_fieldZ_scaffold_water,9000,-51.0,0.013233333333333333
nvt300_fieldZ_scaffold_water,9000,-49.0,0.013033333333333333
nvt300_fieldZ_scaffold_water,9000,-47.0,0.012433333333333333
nvt300_fieldZ_scaffold_water,9000,-45.0,0.0136
nvt300_fieldZ_scaffold_water,9000,-43.0,0.013533333333333333
nvt300_fieldZ_scaffold_water,9000,-41.0,0.012733333333333333
nvt300_fieldZ_scaffold_water,9000,-39.0,0.013066666666666667
nvt300_fieldZ_scaffold_water,9000,-37.0,0.012266666666666667
nvt300_fieldZ_scaffold_water,9000,-35.0,0.012433333333333333
nvt300_fieldZ_scaffold_water,9000,-33.0,0.0125
nvt300_fieldZ_scaffold_water,9000,-31.0,0.0112
nvt300_fieldZ_scaffold_water,9000,-29.0,0.013133333333333334
nvt300_fieldZ_scaffold_water,9000,-27.0,0.011966666666666667
nvt300_fieldZ_scaffold_water,9000,-25.0,0.013133333333333334
nvt300_fieldZ_scaffold_water,9000,-23.0,0.0134
nvt300_fieldZ_scaffold_water,9000,-21.0,0.012933333333333333
nvt300_fieldZ_scaffold_water,9000,-19.0,0.012566666666666667
nvt300_fieldZ_scaffold_water,9000,-17.0,0.0125
nvt300_fieldZ_scaffold_water,9000,-15.0,0.012233333333333334
nvt300_fieldZ_scaffold_water,9000,-13.0,0.0116
nvt300_fieldZ_scaffold_water,9000,-11.0,0.011766666666666667
nvt300_fieldZ_scaffold_water,9000,-9.0,0.011466666666666667
nvt300_fieldZ_scaffold_water,9000,-7.0,0.011633333333333334
nvt300_fieldZ_scaffold_water,9000,-5.0,0.012233333333333334
nvt300_fieldZ_scaffold_water,9000,-3.0,0.0123
nvt300_fieldZ_scaffold_water,9000,-1.0,0.0126
nvt300_fieldZ_scaffold_water,9000,1.0,0.011933333333333334
nvt300_fieldZ_scaffold_water,9000,3.0,0.012533333333333334
nvt300_fieldZ_scaffold_water,9000,5.0,0.012533333333333334
nvt300_fieldZ_scaffold_water,9000,7.0,0.011766666666666667
nvt300_fieldZ_scaffold_water,9000,9.0,0.011833333333333333
nvt300_fieldZ_scaffold_water,9000,11.0,0.013133333333333334
nvt300_fieldZ_scaffold_water,9000,13.0,0.012833333333333334
nvt300_fieldZ_scaffold_water,9000,15.0,0.0124
nvt300_fieldZ_scaffold_water,9000,17.0,0.012466666666666666
nvt300_fieldZ_scaffold_water,9000,19.0,0.0119
nvt300_fieldZ_scaffold_water,9000,21.0,0.0119
nvt300_fieldZ_scaffold_water,9000,23.0,0.011266666666666666
nvt300_fieldZ_scaffold_water,9000,25.0,0.012066666666666667
nvt300_fieldZ_scaffold_water,9000,27.0,0.013233333333333333
nvt300_fieldZ_scaffold_water,9000,29.0,0.013066666666666667
nvt300_fieldZ_scaffold_water,9000,31.0,0.0132
nvt300_fieldZ_scaffold_water,9000,33.0,0.012033333333333333
nvt300_fieldZ_scaffold_water,9000,35.0,0.0123
nvt300_fieldZ_scaffold_water,9000,37.0,0.0131
nvt300_fieldZ_scaffold_water,9000,39.0,0.012133333333333333
nvt300_fieldZ_scaffold_water,9000,41.0,0.0125
nvt300_fieldZ_scaffold_water,9000,43.0,0.012733333333333333
nvt300_fieldZ_scaffold_water,9000,45.0,0.0129
nvt300_fieldZ_scaffold_water,9000,47.0,0.014166666666666666
nvt300_fieldZ_scaffold_water,9000,49.0,0.013666666666666667
nvt300_fieldZ_scaffold_water,9000,51.0,0.013266666666666666
nvt300_fieldZ_scaffold_water,9000,53.0,0.013166666666666667
nvt300_fieldZ_scaffold_water,9000,55.0,0.014466666666666666
nvt300_fieldZ_scaffold_water,9000,57.0,0.0141
nvt300_fieldZ_scaffold_water,9000,59.0,0.014466666666666666
nvt300_fieldZ_scaffold_water,9000,61.0,0.013933333333333334
nvt300_fieldZ_scaffold_water,9000,63.0,0.0135
nvt300_fieldZ_scaffold_water,9000,65.0,0.0152
nvt300_fieldZ_scaffold_water,9000,67.0,0.016066666666666667
nvt300_fieldZ_scaffold_water,9000,69.0,0.0149
nvt300_fieldZ_scaffold_water,9000,71.0,0.013233333333333333
nvt300_fieldZ_scaffold_water,9000,73.0,0.011566666666666666
nvt300_fieldZ_scaffold_water,9000,75.0,0.007666666666666666
nvt300_fieldZ_scaffold_water,9000,77.0,0.004566666666666667
nvt300_fieldZ_scaffold_water,9000,79.0,0.002033333333333333
nvt300_fieldZ_scaffold_water,9000,81.0,0.0008333333333333334
nvt300_fieldZ_scaffold_water,9000,83.0,0.00023333333333333333
nvt300_fieldZ_scaffold_water,9000,85.0,0.0002666666666666667
nvt300_fieldZ_scaffold_water,9000,87.0,0.00013333333333333334
nvt300_fieldZ_scaffold_water,9000,89.0,3.3333333333333335e-05
nvt300_fieldZ_scaffold_water,9000,91.0,0.00013333333333333334
nvt300_fieldZ_scaffold_water,9000,93.0,3.3333333333333335e-05
nvt300_fieldZ_scaffold_water,9000,95.0,0.0001
nvt300_fieldZ_scaffold_water,9000,97.0,0.0
nvt300_fieldZ_scaffold_water,9000,99.0,3.3333333333333335e-05
nvt300_fieldZ_scaffold_water,9000,101.0,0.0
nvt300_fieldZ_scaffold_water,9000,103.0,0.0
nvt300_fieldZ_scaffold_water,9000,105.0,0.0
nvt300_fieldZ_scaffold_water,9000,107.0,0.0
nvt300_fieldZ_scaffold_water,9000,109.0,0.0
nvt300_fieldZ_scaffold_water,9000,111.0,0.0
nvt300_fieldZ_scaffold_water,9000,113.0,0.0
nvt300_fieldZ_scaffold_water,9000,115.0,0.0
nvt300_fieldZ_scaffold_water,9000,117.0,0.0
nvt300_fieldZ_scaffold_water,9000,119.0,0.0
nvt300_fieldZ_scaffold_water,10000,-119.0,0.0
nvt300_fieldZ_scaffold_water,10000,-117.0,0.0
nvt300_fieldZ_scaffold_water,10000,-115.0,0.0
nvt300_fieldZ_scaffold_water,10000,-113.0,0.0
nvt300_fieldZ_scaffold_water,10000,-111.0,3.3333333333333335e-05
nvt300_fieldZ_scaffold_water,10000,-109.0,0.0
nvt300_fieldZ_scaffold_water,10000,-107.0,0.0
nvt300_fieldZ_scaffold_water,10000,-105.0,0.0
nvt300_fieldZ_scaffold_water,10000,-103.0,3.3333333333333335e-05
nvt300_fieldZ_scaffold_water,10000,-101.0,6.666666666666667e-05
nvt300_fieldZ_scaffold_water,10000,-99.0,0.0
nvt300_fieldZ_scaffold_water,10000,-97.0,0.0
nvt300_fieldZ_scaffold_water,10000,-95.0,3.3333333333333335e-05
nvt300_fieldZ_scaffold_water,10000,-93.0,0.00013333333333333334
nvt300_fieldZ_scaffold_water,10000,-91.0,0.0002
nvt300_fieldZ_scaffold_water,10000,-89.0,0.00016666666666666666
nvt300_fieldZ_scaffold_water,10000,-87.0,0.0003
nvt300_fieldZ_scaffold_water,10000,-85.0,0.0005333333333333334
nvt300_fieldZ_scaffold_water,10000,-83.0,0.0006333333333333333
nvt300_fieldZ_scaffold_water,10000,-81.0,0.0014333333333333333
nvt300_fieldZ_scaffold_water,10000,-79.0,0.0017333333333333333
nvt300_fieldZ_scaffold_water,10000,-77.0,0.0044
nvt300_fieldZ_scaffold_water,10000,-75.0,0.007533333333333334
nvt300_fieldZ_scaffold_water,10000,-73.0,0.011333333333333334
nvt300_fieldZ_scaffold_water,10000,-71.0,0.0153
nvt300_fieldZ_scaffold_water,10000,-69.0,0.0165
nvt300_fieldZ_scaffold_water,10000,-67.0,0.0158
nvt300_fieldZ_scaffold_water,10000,-65.0,0.0151
nvt300_fieldZ_scaffold_water,10000,-63.0,0.013733333333333334
nvt300_fieldZ_scaffold_water,10000,-61.0,0.014133333333333333
nvt300_fieldZ_scaffold_water,10000,-59.0,0.014066666666666667
nvt300_fieldZ_scaffold_water,10000,-57.0,0.0139
nvt300_fieldZ_scaffold_water,10000,-55.0,0.014766666666666668
nvt300_fieldZ_scaffold_water,10000,-53.0,0.015
nvt300_fieldZ_scaffold_water,10000,-51.0,0.013033333333333333
nvt300_fieldZ_scaffold_water,10000,-49.0,0.0129
nvt300_fieldZ_scaffold_water,10000,-47.0,0.0133
nvt300_fieldZ_scaffold_water,10000,-45.0,0.012833333333333334
nvt300_fieldZ_scaffold_water,10000,-43.0,0.013333333333333334
nvt300_fieldZ_scaffold_water,10000,-41.0,0.0129
nvt300_fieldZ_scaffold_water,10000,-39.0,0.013333333333333334
nvt300_fieldZ_scaffold_water,10000,-37.0,0.012066666666666667
nvt300_fieldZ_scaffold_water,10000,-35.0,0.0124
nvt300_fieldZ_scaffold_water,10000,-33.0,0.0126
nvt300_fieldZ_scaffold_water,10000,-31.0,0.011
nvt300_fieldZ_scaffold_water,10000,-29.0,0.013233333333333333
nvt300_fieldZ_scaffold_water,10000,-27.0,0.012333333333333333
nvt300_fieldZ_scaffold_water,10000,-25.0,0.013
nvt300_fieldZ_scaffold_water,10000,-23.0,0.013366666666666667
nvt300_fieldZ_scaffold_water,10000,-21.0,0.0133
nvt300_fieldZ_scaffold_water,10000,-19.0,0.012133333333333333
nvt300_fieldZ_scaffold_water,10000,-17.0,0.012566666666666667
nvt300_fieldZ_scaffold_water,10000,-15.0,0.012366666666666666
nvt300_fieldZ_scaffold_water,10000,-13.0,0.0116
nvt300_fieldZ_scaffold_water,10000,-11.0,0.0116
nvt300_fieldZ_scaffold_water,10000,-9.0,0.011533333333333333
nvt300_fieldZ_scaffold_water,10000,-7.0,0.011633333333333334
nvt300_fieldZ_scaffold_water,10000,-5.0,0.012566666666666667
nvt300_fieldZ_scaffold_water,10000,-3.0,0.012133333333333333
nvt300_fieldZ_scaffold_water,10000,-1.0,0.0127
nvt300_fieldZ_scaffold_water,10000,1.0,0.011666666666666667
nvt300_fieldZ_scaffold_water,10000,3.0,0.0127
nvt300_fieldZ_scaffold_water,10000,5.0,0.012266666666666667
nvt300_fieldZ_scaffold_water,10000,7.0,0.011966666666666667
nvt300_fieldZ_scaffold_water,10000,9.0,0.012
nvt300_fieldZ_scaffold_water,10000,11.0,0.0131
nvt300_fieldZ_scaffold_water,10000,13.0,0.012633333333333333
nvt300_fieldZ_scaffold_water,10000,15.0,0.012566666666666667
nvt300_fieldZ_scaffold_water,10000,17.0,0.012533333333333334
nvt300_fieldZ_scaffold_water,10000,19.0,0.011966666666666667
nvt300_fieldZ_scaffold_water,10000,21.0,0.0119
nvt300_fieldZ_scaffold_water,10000,23.0,0.010966666666666666
nvt300_fieldZ_scaffold_water,10000,25.0,0.0124
nvt300_fieldZ_scaffold_water,10000,27.0,0.012933333333333333
nvt300_fieldZ_scaffold_water,10000,29.0,0.013633333333333334
nvt300_fieldZ_scaffold_water,10000,31.0,0.012933333333333333
nvt300_fieldZ_scaffold_water,10000,33.0,0.012333333333333333
nvt300_fieldZ_scaffold_water,10000,35.0,0.012166666666666666
nvt300_fieldZ_scaffold_water,10000,37.0,0.012933333333333333
nvt300_fieldZ_scaffold_water,10000,39.0,0.0123
nvt300_fieldZ_scaffold_water,10000,41.0,0.012366666666666666
nvt300_fieldZ_scaffold_water,10000,43.0,0.012933333333333333
nvt300_fieldZ_scaffold_water,10000,45.0,0.012966666666666666
nvt300_fieldZ_scaffold_water,10000,47.0,0.0143
nvt300_fieldZ_scaffold_water,10000,49.0,0.013233333333333333
nvt300_fieldZ_scaffold_water,10000,51.0,0.0133
nvt300_fieldZ_scaffold_water,10000,53.0,0.013666666666666667
nvt300_fieldZ_scaffold_water,10000,55.0,0.014066666666666667
nvt300_fieldZ_scaffold_water,10000,57.0,0.0144
nvt300_fieldZ_scaffold_water,10000,59.0,0.0141
nvt300_fieldZ_scaffold_water,10000,61.0,0.014066666666666667
nvt300_fieldZ_scaffold_water,10000,63.0,0.0139
nvt300_fieldZ_scaffold_water,10000,65.0,0.014933333333333333
nvt300_fieldZ_scaffold_water,10000,67.0,0.016466666666666668
nvt300_fieldZ_scaffold_water,10000,69.0,0.014633333333333333
nvt300_fieldZ_scaffold_water,10000,71.0,0.012966666666666666
nvt300_fieldZ_scaffold_water,10000,73.0,0.0114
nvt300_fieldZ_scaffold_water,10000,75.0,0.0076
nvt300_fieldZ_scaffold_water,10000,77.0,0.004333333333333333
nvt300_fieldZ_scaffold_water,10000,79.0,0.002033333333333333
nvt300_fieldZ_scaffold_water,10000,81.0,0.0008666666666666666
nvt300_fieldZ_scaffold_water,10000,83.0,0.0002
nvt300_fieldZ_scaffold_water,10000,85.0,0.0002666666666666667
nvt300_fieldZ_scaffold_water,10000,87.0,0.0001
nvt300_fieldZ_scaffold_water,10000,89.0,6.666666666666667e-05
nvt300_fieldZ_scaffold_water,10000,91.0,0.00013333333333333334
nvt300_fieldZ_scaffold_water,10000,93.0,3.3333333333333335e-05
nvt300_fieldZ_scaffold_water,10000,95.0,0.0001
nvt300_fieldZ_scaffold_water,10000,97.0,0.0
nvt300_fieldZ_scaffold_water,10000,99.0,3.3333333333333335e-05
nvt300_fieldZ_scaffold_water,10000,101.0,0.0
nvt300_fieldZ_scaffold_water,10000,103.0,0.0
nvt300_fieldZ_scaffold_water,10000,105.0,0.0
nvt300_fieldZ_scaffold_water,10000,107.0,0.0
nvt300_fieldZ_scaffold_water,10000,109.0,0.0
nvt300_fieldZ_scaffold_water,10000,111.0,0.0
nvt300_fieldZ_scaffold_water,10000,113.0,0.0
nvt300_fieldZ_scaffold_water,10000,115.0,0.0
nvt300_fieldZ_scaffold_water,10000,117.0,0.0
nvt300_fieldZ_scaffold_water,10000,119.0,0.0
